,base,iteration,solution,num sols
0,pars,11,"[1, 2, 4, 5, 7, 8]",1
1,pars,12,"[1, 2, 4, 5, 7, 8]",1
2,pars,16,"[1, 2, 4, 5, 7, 8]",1
3,pars,18,"[1, 2, 4, 5, 7, 8]",1
4,pars,19,"[1, 2, 4, 5, 7, 8]",1
5,pars,20,"[1, 2, 4, 5, 7, 8]",1
6,pars,22,"[1, 2, 4, 5, 7, 8]",1
7,pars,24,"[1, 2, 4, 5, 7, 8]",1
8,pars,25,"[1, 2, 4, 5, 7, 8]",1
9,pars,26,"[1, 2, 4, 5, 7, 8]",1
10,pars,27,"[1, 2, 4, 5, 7, 8]",1
11,pars,28,"[1, 2, 4, 5, 7, 8]",1
12,pars,29,"[1, 2, 4, 5, 7, 8]",1
13,pars,30,"[1, 2, 4, 5, 7, 8]",1
14,pars,32,"[1, 2, 4, 5, 7, 8]",1
15,pars,33,"[1, 2, 4, 5, 7, 8]",1
16,pars,34,"[1, 2, 4, 5, 7, 8]",1
17,pars,35,"[1, 2, 4, 5, 7, 8]",1
18,pars,36,"[1, 2, 4, 5, 7, 8]",1
19,pars,37,"[1, 2, 4, 5, 7, 8]",1
20,pars,38,"[1, 2, 4, 5, 7, 8]",1
21,pars,39,"[1, 2, 4, 5, 7, 8]",1
22,pars,40,"[1, 2, 4, 5, 7, 8]",1
23,pars,41,"[1, 2, 4, 5, 7, 8]",1
24,pars,42,"[1, 2, 4, 5, 7, 8]",1
25,pars,43,"[1, 2, 4, 5, 7, 8]",1
26,pars,44,"[1, 2, 4, 5, 7, 8]",1
27,pars,45,"[1, 2, 4, 5, 7, 8]",1
28,pars,46,"[1, 2, 4, 5, 7, 8]",1
29,pars,47,"[1, 2, 4, 5, 7, 8]",1
30,pars,48,"[1, 2, 4, 5, 7, 8]",1
31,pars,49,"[1, 2, 4, 5, 7, 8]",1
32,pars,50,"[1, 2, 4, 5, 7, 8]",1
33,pars,51,"[1, 2, 4, 5, 7, 8]",1
34,pars,52,"[1, 2, 4, 5, 7, 8]",1
35,pars,53,"[1, 2, 4, 5, 7, 8]",1
36,pars,54,"[1, 2, 4, 5, 7, 8]",1
37,pars,55,"[1, 2, 4, 5, 7, 8]",1
38,pars,56,"[1, 2, 4, 5, 7, 8]",1
39,pars,57,"[1, 2, 4, 5, 7, 8]",1
40,pars,58,"[1, 2, 4, 5, 7, 8]",1
41,pars,59,"[1, 2, 4, 5, 7, 8]",1
42,pars,60,"[1, 2, 4, 5, 7, 8]",1
43,pars,61,"[1, 2, 4, 5, 7, 8]",1
44,pars,62,"[1, 2, 4, 5, 7, 8]",1
45,pars,63,"[1, 2, 4, 5, 7, 8]",1
46,pars,64,"[1, 2, 4, 5, 7, 8]",1
47,pars,65,"[1, 2, 4, 5, 7, 8]",1
48,pars,66,"[1, 2, 4, 5, 7, 8]",1
49,pars,67,"[1, 2, 4, 5, 7, 8]",1
50,pars,68,"[1, 2, 4, 5, 7, 8]",1
51,pars,69,"[1, 2, 4, 5, 7, 8]",1
52,pars,70,"[1, 2, 4, 5, 7, 8]",1
53,pars,71,"[1, 2, 4, 5, 7, 8]",1
54,pars,72,"[1, 2, 4, 5, 7, 8]",1
55,pars,73,"[1, 2, 4, 5, 7, 8]",1
56,pars,74,"[1, 2, 4, 5, 7, 8]",1
57,pars,75,"[1, 2, 4, 5, 7, 8]",1
58,pars,76,"[1, 2, 4, 5, 7, 8]",1
59,pars,77,"[1, 2, 4, 5, 7, 8]",1
60,pars,78,"[1, 2, 4, 5, 7, 8]",1
61,pars,79,"[1, 2, 4, 5, 7, 8]",1
62,pars,80,"[1, 2, 4, 5, 7, 8]",1
63,pars,81,"[1, 2, 4, 5, 7, 8]",1
64,pars,82,"[1, 2, 4, 5, 7, 8]",1
65,pars,83,"[1, 2, 4, 5, 7, 8]",1
66,pars,84,"[1, 2, 4, 5, 7, 8]",1
67,pars,85,"[1, 2, 4, 5, 7, 8]",1
68,pars,86,"[1, 2, 4, 5, 7, 8]",1
69,pars,87,"[1, 2, 4, 5, 7, 8]",1
70,pars,88,"[1, 2, 4, 5, 7, 8]",1
71,pars,89,"[1, 2, 4, 5, 7, 8]",1
72,pars,90,"[1, 2, 4, 5, 7, 8]",1
73,pars,91,"[1, 2, 4, 5, 7, 8]",1
74,pars,92,"[1, 2, 4, 5, 7, 8]",1
75,pars,93,"[1, 2, 4, 5, 7, 8]",1
76,pars,94,"[1, 2, 4, 5, 7, 8]",1
77,pars,95,"[1, 2, 4, 5, 7, 8]",1
78,pars,96,"[1, 2, 4, 5, 7, 8]",1
79,pars,97,"[1, 2, 4, 5, 7, 8]",1
80,pars,98,"[1, 2, 4, 5, 7, 8]",1
81,pars,99,"[1, 2, 4, 5, 7, 8]",1
82,pars,100,"[1, 2, 4, 5, 7, 8]",1
83,pars,101,"[1, 2, 4, 5, 7, 8]",1
84,pars,102,"[1, 2, 4, 5, 7, 8]",1
85,pars,103,"[1, 2, 4, 5, 7, 8]",1
86,pars,104,"[1, 2, 4, 5, 7, 8]",1
87,pars,105,"[1, 2, 4, 5, 7, 8]",1
88,pars,106,"[1, 2, 4, 5, 7, 8]",1
89,pars,107,"[1, 2, 4, 5, 7, 8]",1
90,pars,108,"[1, 2, 4, 5, 7, 8]",1
91,pars,109,"[1, 2, 4, 5, 7, 8]",1
92,pars,110,"[1, 2, 4, 5, 7, 8]",1
93,pars,111,"[1, 2, 4, 5, 7, 8]",1
94,pars,112,"[1, 2, 4, 5, 7, 8]",1
95,pars,113,"[1, 2, 4, 5, 7, 8]",1
96,pars,114,"[1, 2, 4, 5, 7, 8]",1
97,pars,115,"[1, 2, 4, 5, 7, 8]",1
98,pars,116,"[1, 2, 4, 5, 7, 8]",1
99,pars,117,"[1, 2, 4, 5, 7, 8]",1
100,pars,118,"[1, 2, 4, 5, 7, 8]",1
101,pars,119,"[1, 2, 4, 5, 7, 8]",1
102,pars,120,"[1, 2, 4, 5, 7, 8]",1
103,pars,121,"[1, 2, 4, 5, 7, 8]",1
104,pars,122,"[1, 2, 4, 5, 7, 8]",1
105,pars,123,"[1, 2, 4, 5, 7, 8]",1
106,pars,124,"[1, 2, 4, 5, 7, 8]",1
107,pars,125,"[1, 2, 4, 5, 7, 8]",1
108,pars,126,"[1, 2, 4, 5, 7, 8]",1
109,pars,127,"[1, 2, 4, 5, 7, 8]",1
110,pars,128,"[1, 2, 4, 5, 7, 8]",1
111,pars,129,"[1, 2, 4, 5, 7, 8]",1
112,pars,130,"[1, 2, 4, 5, 7, 8]",1
113,pars,131,"[1, 2, 4, 5, 7, 8]",1
114,pars,132,"[1, 2, 4, 5, 7, 8]",1
115,pars,133,"[1, 2, 4, 5, 7, 8]",1
116,pars,134,"[1, 2, 4, 5, 7, 8]",1
117,pars,135,"[1, 2, 4, 5, 7, 8]",1
118,pars,136,"[1, 2, 4, 5, 7, 8]",1
119,pars,137,"[1, 2, 4, 5, 7, 8]",1
120,pars,138,"[1, 2, 4, 5, 7, 8]",1
121,pars,139,"[1, 2, 4, 5, 7, 8]",1
122,pars,140,"[1, 2, 4, 5, 7, 8]",1
123,pars,141,"[1, 2, 4, 5, 7, 8]",1
124,pars,142,"[1, 2, 4, 5, 7, 8]",1
125,pars,143,"[1, 2, 4, 5, 7, 8]",1
126,pars,144,"[1, 2, 4, 5, 7, 8]",1
127,pars,145,"[1, 2, 4, 5, 7, 8]",1
128,pars,146,"[1, 2, 4, 5, 7, 8]",1
129,pars,147,"[1, 2, 4, 5, 7, 8]",1
130,pars,148,"[1, 2, 4, 5, 7, 8]",1
131,pars,149,"[1, 2, 4, 5, 7, 8]",1
132,pars,150,"[1, 2, 4, 5, 7, 8]",1
133,pars,151,"[1, 2, 4, 5, 7, 8]",1
134,pars,152,"[1, 2, 4, 5, 7, 8]",1
135,pars,153,"[1, 2, 4, 5, 7, 8]",1
136,pars,154,"[1, 2, 4, 5, 7, 8]",1
137,pars,155,"[1, 2, 4, 5, 7, 8]",1
138,pars,156,"[1, 2, 4, 5, 7, 8]",1
139,pars,157,"[1, 2, 4, 5, 7, 8]",1
140,pars,158,"[1, 2, 4, 5, 7, 8]",1
141,pars,159,"[1, 2, 4, 5, 7, 8]",1
142,pars,160,"[1, 2, 4, 5, 7, 8]",1
143,pars,161,"[1, 2, 4, 5, 7, 8]",1
144,pars,162,"[1, 2, 4, 5, 7, 8]",1
145,pars,163,"[1, 2, 4, 5, 7, 8]",1
146,pars,164,"[1, 2, 4, 5, 7, 8]",1
147,pars,165,"[1, 2, 4, 5, 7, 8]",1
148,pars,166,"[1, 2, 4, 5, 7, 8]",1
149,pars,167,"[1, 2, 4, 5, 7, 8]",1
150,pars,168,"[1, 2, 4, 5, 7, 8]",1
151,pars,169,"[1, 2, 4, 5, 7, 8]",1
152,pars,170,"[1, 2, 4, 5, 7, 8]",1
153,pars,171,"[1, 2, 4, 5, 7, 8]",1
154,pars,172,"[1, 2, 4, 5, 7, 8]",1
155,pars,173,"[1, 2, 4, 5, 7, 8]",1
156,pars,174,"[1, 2, 4, 5, 7, 8]",1
157,pars,175,"[1, 2, 4, 5, 7, 8]",1
158,pars,176,"[1, 2, 4, 5, 7, 8]",1
159,pars,177,"[1, 2, 4, 5, 7, 8]",1
160,pars,178,"[1, 2, 4, 5, 7, 8]",1
161,pars,179,"[1, 2, 4, 5, 7, 8]",1
162,pars,180,"[1, 2, 4, 5, 7, 8]",1
163,pars,181,"[1, 2, 4, 5, 7, 8]",1
164,pars,182,"[1, 2, 4, 5, 7, 8]",1
165,pars,183,"[1, 2, 4, 5, 7, 8]",1
166,pars,184,"[1, 2, 4, 5, 7, 8]",1
167,pars,185,"[1, 2, 4, 5, 7, 8]",1
168,pars,186,"[1, 2, 4, 5, 7, 8]",1
169,pars,187,"[1, 2, 4, 5, 7, 8]",1
170,pars,188,"[1, 2, 4, 5, 7, 8]",1
171,pars,189,"[1, 2, 4, 5, 7, 8]",1
172,pars,190,"[1, 2, 4, 5, 7, 8]",1
173,pars,191,"[1, 2, 4, 5, 7, 8]",1
174,pars,192,"[1, 2, 4, 5, 7, 8]",1
175,pars,193,"[1, 2, 4, 5, 7, 8]",1
176,pars,194,"[1, 2, 4, 5, 7, 8]",1
177,pars,195,"[1, 2, 4, 5, 7, 8]",1
178,pars,196,"[1, 2, 4, 5, 7, 8]",1
179,pars,197,"[1, 2, 4, 5, 7, 8]",1
180,pars,198,"[1, 2, 4, 5, 7, 8]",1
181,pars,199,"[1, 2, 4, 5, 7, 8]",1
182,pars,200,"[1, 2, 4, 5, 7, 8]",1
183,pars,201,"[1, 2, 4, 5, 7, 8]",1
184,pars,202,"[1, 2, 4, 5, 7, 8]",1
185,pars,203,"[1, 2, 4, 5, 7, 8]",1
186,pars,204,"[1, 2, 4, 5, 7, 8]",1
187,pars,205,"[1, 2, 4, 5, 7, 8]",1
188,pars,206,"[1, 2, 4, 5, 7, 8]",1
189,pars,207,"[1, 2, 4, 5, 7, 8]",1
190,pars,208,"[1, 2, 4, 5, 7, 8]",1
191,pars,209,"[1, 2, 4, 5, 7, 8]",1
192,pars,210,"[1, 2, 4, 5, 7, 8]",1
193,pars,211,"[1, 2, 4, 5, 7, 8]",1
194,pars,212,"[1, 2, 4, 5, 7, 8]",1
195,pars,213,"[1, 2, 4, 5, 7, 8]",1
196,pars,214,"[1, 2, 4, 5, 7, 8]",1
197,pars,215,"[1, 2, 4, 5, 7, 8]",1
198,pars,216,"[1, 2, 4, 5, 7, 8]",1
199,pars,217,"[1, 2, 4, 5, 7, 8]",1
200,pars,218,"[1, 2, 4, 5, 7, 8]",1
201,pars,219,"[1, 2, 4, 5, 7, 8]",1
202,pars,220,"[1, 2, 4, 5, 7, 8]",1
203,pars,221,"[1, 2, 4, 5, 7, 8]",1
204,pars,222,"[1, 2, 4, 5, 7, 8]",1
205,pars,223,"[1, 2, 4, 5, 7, 8]",1
206,pars,224,"[1, 2, 4, 5, 7, 8]",1
207,pars,225,"[1, 2, 4, 5, 7, 8]",1
208,pars,226,"[1, 2, 4, 5, 7, 8]",1
209,pars,227,"[1, 2, 4, 5, 7, 8]",1
210,pars,228,"[1, 2, 4, 5, 7, 8]",1
211,pars,229,"[1, 2, 4, 5, 7, 8]",1
212,pars,230,"[1, 2, 4, 5, 7, 8]",1
213,pars,231,"[1, 2, 4, 5, 7, 8]",1
214,pars,232,"[1, 2, 4, 5, 7, 8]",1
215,pars,233,"[1, 2, 4, 5, 7, 8]",1
216,pars,234,"[1, 2, 4, 5, 7, 8]",1
217,pars,235,"[1, 2, 4, 5, 7, 8]",1
218,pars,236,"[1, 2, 4, 5, 7, 8]",1
219,pars,237,"[1, 2, 4, 5, 7, 8]",1
220,pars,238,"[1, 2, 4, 5, 7, 8]",1
221,pars,239,"[1, 2, 4, 5, 7, 8]",1
222,pars,240,"[1, 2, 4, 5, 7, 8]",1
223,pars,241,"[1, 2, 4, 5, 7, 8]",1
224,pars,242,"[1, 2, 4, 5, 7, 8]",1
225,pars,243,"[1, 2, 4, 5, 7, 8]",1
226,pars,244,"[1, 2, 4, 5, 7, 8]",1
227,pars,245,"[1, 2, 4, 5, 7, 8]",1
228,pars,246,"[1, 2, 4, 5, 7, 8]",1
229,pars,247,"[1, 2, 4, 5, 7, 8]",1
230,pars,248,"[1, 2, 4, 5, 7, 8]",1
231,pars,249,"[1, 2, 4, 5, 7, 8]",1
232,pars,250,"[1, 2, 4, 5, 7, 8]",1
233,pars,251,"[1, 2, 4, 5, 7, 8]",1
234,pars,252,"[1, 2, 4, 5, 7, 8]",1
235,pars,253,"[1, 2, 4, 5, 7, 8]",1
236,pars,254,"[1, 2, 4, 5, 7, 8]",1
237,pars,255,"[1, 2, 4, 5, 7, 8]",1
238,pars,256,"[1, 2, 4, 5, 7, 8]",1
239,pars,257,"[1, 2, 4, 5, 7, 8]",1
240,pars,258,"[1, 2, 4, 5, 7, 8]",1
241,pars,259,"[1, 2, 4, 5, 7, 8]",1
242,pars,260,"[1, 2, 4, 5, 7, 8]",1
243,pars,261,"[1, 2, 4, 5, 7, 8]",1
244,pars,262,"[1, 2, 4, 5, 7, 8]",1
245,pars,263,"[1, 2, 4, 5, 7, 8]",1
246,pars,264,"[1, 2, 4, 5, 7, 8]",1
247,pars,265,"[1, 2, 4, 5, 7, 8]",1
248,pars,266,"[1, 2, 4, 5, 7, 8]",1
249,pars,267,"[1, 2, 4, 5, 7, 8]",1
250,pars,268,"[1, 2, 4, 5, 7, 8]",1
251,pars,269,"[1, 2, 4, 5, 7, 8]",1
252,pars,270,"[1, 2, 4, 5, 7, 8]",1
253,pars,271,"[1, 2, 4, 5, 7, 8]",1
254,pars,272,"[1, 2, 4, 5, 7, 8]",1
255,pars,273,"[1, 2, 4, 5, 7, 8]",1
256,pars,274,"[1, 2, 4, 5, 7, 8]",1
257,pars,275,"[1, 2, 4, 5, 7, 8]",1
258,pars,276,"[1, 2, 4, 5, 7, 8]",1
259,pars,277,"[1, 2, 4, 5, 7, 8]",1
260,pars,278,"[1, 2, 4, 5, 7, 8]",1
261,pars,279,"[1, 2, 4, 5, 7, 8]",1
262,pars,280,"[1, 2, 4, 5, 7, 8]",1
263,pars,281,"[1, 2, 4, 5, 7, 8]",1
264,pars,282,"[1, 2, 4, 5, 7, 8]",1
265,pars,283,"[1, 2, 4, 5, 7, 8]",1
266,pars,284,"[1, 2, 4, 5, 7, 8]",1
267,pars,285,"[1, 2, 4, 5, 7, 8]",1
268,pars,286,"[1, 2, 4, 5, 7, 8]",1
269,pars,287,"[1, 2, 4, 5, 7, 8]",1
270,pars,288,"[1, 2, 4, 5, 7, 8]",1
271,pars,289,"[1, 2, 4, 5, 7, 8]",1
272,pars,290,"[1, 2, 4, 5, 7, 8]",1
273,pars,291,"[1, 2, 4, 5, 7, 8]",1
274,pars,292,"[1, 2, 4, 5, 7, 8]",1
275,pars,293,"[1, 2, 4, 5, 7, 8]",1
276,pars,294,"[1, 2, 4, 5, 7, 8]",1
277,pars,295,"[1, 2, 4, 5, 7, 8]",1
278,pars,296,"[1, 2, 4, 5, 7, 8]",1
279,pars,297,"[1, 2, 4, 5, 7, 8]",1
280,pars,298,"[1, 2, 4, 5, 7, 8]",1
281,pars,299,"[1, 2, 4, 5, 7, 8]",1
282,pars,300,"[1, 2, 4, 5, 7, 8]",1
283,pars,301,"[1, 2, 4, 5, 7, 8]",1
284,pars,302,"[1, 2, 4, 5, 7, 8]",1
285,pars,303,"[1, 2, 4, 5, 7, 8]",1
286,pars,304,"[1, 2, 4, 5, 7, 8]",1
287,pars,305,"[1, 2, 4, 5, 7, 8]",1
288,pars,306,"[1, 2, 4, 5, 7, 8]",1
289,pars,307,"[1, 2, 4, 5, 7, 8]",1
290,pars,308,"[1, 2, 4, 5, 7, 8]",1
291,pars,309,"[1, 2, 4, 5, 7, 8]",1
292,pars,310,"[1, 2, 4, 5, 7, 8]",1
293,pars,311,"[1, 2, 4, 5, 7, 8]",1
294,pars,312,"[1, 2, 4, 5, 7, 8]",1
295,pars,313,"[1, 2, 4, 5, 7, 8]",1
296,pars,314,"[1, 2, 4, 5, 7, 8]",1
297,pars,315,"[1, 2, 4, 5, 7, 8]",1
298,pars,316,"[1, 2, 4, 5, 7, 8]",1
299,pars,317,"[1, 2, 4, 5, 7, 8]",1
300,pars,318,"[1, 2, 4, 5, 7, 8]",1
301,pars,319,"[1, 2, 4, 5, 7, 8]",1
302,pars,320,"[1, 2, 4, 5, 7, 8]",1
303,pars,321,"[1, 2, 4, 5, 7, 8]",1
304,pars,322,"[1, 2, 4, 5, 7, 8]",1
305,pars,323,"[1, 2, 4, 5, 7, 8]",1
306,pars,324,"[1, 2, 4, 5, 7, 8]",1
307,pars,325,"[1, 2, 4, 5, 7, 8]",1
308,pars,326,"[1, 2, 4, 5, 7, 8]",1
309,pars,327,"[1, 2, 4, 5, 7, 8]",1
310,pars,328,"[1, 2, 4, 5, 7, 8]",1
311,pars,329,"[1, 2, 4, 5, 7, 8]",1
312,pars,330,"[1, 2, 4, 5, 7, 8]",1
313,pars,331,"[1, 2, 4, 5, 7, 8]",1
314,pars,332,"[1, 2, 4, 5, 7, 8]",1
315,pars,333,"[1, 2, 4, 5, 7, 8]",1
316,pars,334,"[1, 2, 4, 5, 7, 8]",1
317,pars,335,"[1, 2, 4, 5, 7, 8]",1
318,pars,336,"[1, 2, 4, 5, 7, 8]",1
319,pars,337,"[1, 2, 4, 5, 7, 8]",1
320,pars,338,"[1, 2, 4, 5, 7, 8]",1
321,pars,339,"[1, 2, 4, 5, 7, 8]",1
322,pars,340,"[1, 2, 4, 5, 7, 8]",1
323,pars,341,"[1, 2, 4, 5, 7, 8]",1
324,pars,342,"[1, 2, 4, 5, 7, 8]",1
325,pars,343,"[1, 2, 4, 5, 7, 8]",1
326,pars,344,"[1, 2, 4, 5, 7, 8]",1
327,pars,345,"[1, 2, 4, 5, 7, 8]",1
328,pars,346,"[1, 2, 4, 5, 7, 8]",1
329,pars,347,"[1, 2, 4, 5, 7, 8]",1
330,pars,348,"[1, 2, 4, 5, 7, 8]",1
331,pars,349,"[1, 2, 4, 5, 7, 8]",1
332,pars,350,"[1, 2, 4, 5, 7, 8]",1
333,pars,351,"[1, 2, 4, 5, 7, 8]",1
334,pars,352,"[1, 2, 4, 5, 7, 8]",1
335,pars,353,"[1, 2, 4, 5, 7, 8]",1
336,pars,354,"[1, 2, 4, 5, 7, 8]",1
337,pars,355,"[1, 2, 4, 5, 7, 8]",1
338,pars,356,"[1, 2, 4, 5, 7, 8]",1
339,pars,357,"[1, 2, 4, 5, 7, 8]",1
340,pars,358,"[1, 2, 4, 5, 7, 8]",1
341,pars,359,"[1, 2, 4, 5, 7, 8]",1
342,pars,360,"[1, 2, 4, 5, 7, 8]",1
343,pars,361,"[1, 2, 4, 5, 7, 8]",1
344,pars,362,"[1, 2, 4, 5, 7, 8]",1
345,pars,363,"[1, 2, 4, 5, 7, 8]",1
346,pars,364,"[1, 2, 4, 5, 7, 8]",1
347,pars,365,"[1, 2, 4, 5, 7, 8]",1
348,pars,366,"[1, 2, 4, 5, 7, 8]",1
349,pars,367,"[1, 2, 4, 5, 7, 8]",1
350,pars,368,"[1, 2, 4, 5, 7, 8]",1
351,pars,369,"[1, 2, 4, 5, 7, 8]",1
352,pars,370,"[1, 2, 4, 5, 7, 8]",1
353,pars,371,"[1, 2, 4, 5, 7, 8]",1
354,pars,372,"[1, 2, 4, 5, 7, 8]",1
355,pars,373,"[1, 2, 4, 5, 7, 8]",1
356,pars,374,"[1, 2, 4, 5, 7, 8]",1
357,pars,375,"[1, 2, 4, 5, 7, 8]",1
358,pars,376,"[1, 2, 4, 5, 7, 8]",1
359,pars,377,"[1, 2, 4, 5, 7, 8]",1
360,pars,378,"[1, 2, 4, 5, 7, 8]",1
361,pars,379,"[1, 2, 4, 5, 7, 8]",1
362,pars,380,"[1, 2, 4, 5, 7, 8]",1
363,pars,381,"[1, 2, 4, 5, 7, 8]",1
364,pars,382,"[1, 2, 4, 5, 7, 8]",1
365,pars,383,"[1, 2, 4, 5, 7, 8]",1
366,pars,384,"[1, 2, 4, 5, 7, 8]",1
367,pars,385,"[1, 2, 4, 5, 7, 8]",1
368,pars,386,"[1, 2, 4, 5, 7, 8]",1
369,pars,387,"[1, 2, 4, 5, 7, 8]",1
370,pars,388,"[1, 2, 4, 5, 7, 8]",1
371,pars,389,"[1, 2, 4, 5, 7, 8]",1
372,pars,390,"[1, 2, 4, 5, 7, 8]",1
373,pars,391,"[1, 2, 4, 5, 7, 8]",1
374,pars,392,"[1, 2, 4, 5, 7, 8]",1
375,pars,393,"[1, 2, 4, 5, 7, 8]",1
376,pars,394,"[1, 2, 4, 5, 7, 8]",1
377,pars,395,"[1, 2, 4, 5, 7, 8]",1
378,pars,396,"[1, 2, 4, 5, 7, 8]",1
379,pars,397,"[1, 2, 4, 5, 7, 8]",1
380,pars,398,"[1, 2, 4, 5, 7, 8]",1
381,pars,399,"[1, 2, 4, 5, 7, 8]",1
382,pars,400,"[1, 2, 4, 5, 7, 8]",1
383,pars,401,"[1, 2, 4, 5, 7, 8]",1
384,pars,402,"[1, 2, 4, 5, 7, 8]",1
385,pars,403,"[1, 2, 4, 5, 7, 8]",1
386,pars,404,"[1, 2, 4, 5, 7, 8]",1
387,pars,405,"[1, 2, 4, 5, 7, 8]",1
388,pars,406,"[1, 2, 4, 5, 7, 8]",1
389,pars,407,"[1, 2, 4, 5, 7, 8]",1
390,pars,408,"[1, 2, 4, 5, 7, 8]",1
391,pars,409,"[1, 2, 4, 5, 7, 8]",1
392,pars,410,"[1, 2, 4, 5, 7, 8]",1
393,pars,411,"[1, 2, 4, 5, 7, 8]",1
394,pars,412,"[1, 2, 4, 5, 7, 8]",1
395,pars,413,"[1, 2, 4, 5, 7, 8]",1
396,pars,414,"[1, 2, 4, 5, 7, 8]",1
397,pars,415,"[1, 2, 4, 5, 7, 8]",1
398,pars,416,"[1, 2, 4, 5, 7, 8]",1
399,pars,417,"[1, 2, 4, 5, 7, 8]",1
400,pars,418,"[1, 2, 4, 5, 7, 8]",1
401,pars,419,"[1, 2, 4, 5, 7, 8]",1
402,pars,420,"[1, 2, 4, 5, 7, 8]",1
403,pars,421,"[1, 2, 4, 5, 7, 8]",1
404,pars,422,"[1, 2, 4, 5, 7, 8]",1
405,pars,423,"[1, 2, 4, 5, 7, 8]",1
406,pars,424,"[1, 2, 4, 5, 7, 8]",1
407,pars,425,"[1, 2, 4, 5, 7, 8]",1
408,pars,426,"[1, 2, 4, 5, 7, 8]",1
409,pars,427,"[1, 2, 4, 5, 7, 8]",1
410,pars,428,"[1, 2, 4, 5, 7, 8]",1
411,pars,429,"[1, 2, 4, 5, 7, 8]",1
412,pars,430,"[1, 2, 4, 5, 7, 8]",1
413,pars,431,"[1, 2, 4, 5, 7, 8]",1
414,pars,432,"[1, 2, 4, 5, 7, 8]",1
415,pars,433,"[1, 2, 4, 5, 7, 8]",1
416,pars,434,"[1, 2, 4, 5, 7, 8]",1
417,pars,435,"[1, 2, 4, 5, 7, 8]",1
418,pars,436,"[1, 2, 4, 5, 7, 8]",1
419,pars,437,"[1, 2, 4, 5, 7, 8]",1
420,pars,438,"[1, 2, 4, 5, 7, 8]",1
421,pars,439,"[1, 2, 4, 5, 7, 8]",1
422,pars,440,"[1, 2, 4, 5, 7, 8]",1
423,pars,441,"[1, 2, 4, 5, 7, 8]",1
424,pars,442,"[1, 2, 4, 5, 7, 8]",1
425,pars,443,"[1, 2, 4, 5, 7, 8]",1
426,pars,444,"[1, 2, 4, 5, 7, 8]",1
427,pars,445,"[1, 2, 4, 5, 7, 8]",1
428,pars,446,"[1, 2, 4, 5, 7, 8]",1
429,pars,447,"[1, 2, 4, 5, 7, 8]",1
430,pars,448,"[1, 2, 4, 5, 7, 8]",1
431,pars,449,"[1, 2, 4, 5, 7, 8]",1
432,pars,450,"[1, 2, 4, 5, 7, 8]",1
433,pars,451,"[1, 2, 4, 5, 7, 8]",1
434,pars,452,"[1, 2, 4, 5, 7, 8]",1
435,pars,453,"[1, 2, 4, 5, 7, 8]",1
436,pars,454,"[1, 2, 4, 5, 7, 8]",1
437,pars,455,"[1, 2, 4, 5, 7, 8]",1
438,pars,456,"[1, 2, 4, 5, 7, 8]",1
439,pars,457,"[1, 2, 4, 5, 7, 8]",1
440,pars,458,"[1, 2, 4, 5, 7, 8]",1
441,pars,459,"[1, 2, 4, 5, 7, 8]",1
442,pars,460,"[1, 2, 4, 5, 7, 8]",1
443,pars,461,"[1, 2, 4, 5, 7, 8]",1
444,pars,462,"[1, 2, 4, 5, 7, 8]",1
445,pars,463,"[1, 2, 4, 5, 7, 8]",1
446,pars,464,"[1, 2, 4, 5, 7, 8]",1
447,pars,465,"[1, 2, 4, 5, 7, 8]",1
448,pars,466,"[1, 2, 4, 5, 7, 8]",1
449,pars,467,"[1, 2, 4, 5, 7, 8]",1
450,pars,468,"[1, 2, 4, 5, 7, 8]",1
451,pars,469,"[1, 2, 4, 5, 7, 8]",1
452,pars,470,"[1, 2, 4, 5, 7, 8]",1
453,pars,471,"[1, 2, 4, 5, 7, 8]",1
454,pars,472,"[1, 2, 4, 5, 7, 8]",1
455,pars,473,"[1, 2, 4, 5, 7, 8]",1
456,pars,474,"[1, 2, 4, 5, 7, 8]",1
457,pars,475,"[1, 2, 4, 5, 7, 8]",1
458,pars,476,"[1, 2, 4, 5, 7, 8]",1
459,pars,477,"[1, 2, 4, 5, 7, 8]",1
460,pars,478,"[1, 2, 4, 5, 7, 8]",1
461,pars,479,"[1, 2, 4, 5, 7, 8]",1
462,pars,480,"[1, 2, 4, 5, 7, 8]",1
463,pars,481,"[1, 2, 4, 5, 7, 8]",1
464,pars,482,"[1, 2, 4, 5, 7, 8]",1
465,pars,483,"[1, 2, 4, 5, 7, 8]",1
466,pars,484,"[1, 2, 4, 5, 7, 8]",1
467,pars,485,"[1, 2, 4, 5, 7, 8]",1
468,pars,486,"[1, 2, 4, 5, 7, 8]",1
469,pars,487,"[1, 2, 4, 5, 7, 8]",1
470,pars,488,"[1, 2, 4, 5, 7, 8]",1
471,pars,489,"[1, 2, 4, 5, 7, 8]",1
472,pars,490,"[1, 2, 4, 5, 7, 8]",1
473,pars,491,"[1, 2, 4, 5, 7, 8]",1
474,pars,492,"[1, 2, 4, 5, 7, 8]",1
475,pars,493,"[1, 2, 4, 5, 7, 8]",1
476,pars,494,"[1, 2, 4, 5, 7, 8]",1
477,pars,495,"[1, 2, 4, 5, 7, 8]",1
478,pars,496,"[1, 2, 4, 5, 7, 8]",1
479,pars,497,"[1, 2, 4, 5, 7, 8]",1
480,pars,498,"[1, 2, 4, 5, 7, 8]",1
481,pars,499,"[1, 2, 4, 5, 7, 8]",1
482,pars,500,"[1, 2, 4, 5, 7, 8]",1
483,pars,501,"[1, 2, 4, 5, 7, 8]",1
484,pars,502,"[1, 2, 4, 5, 7, 8]",1
485,pars,503,"[1, 2, 4, 5, 7, 8]",1
486,pars,504,"[1, 2, 4, 5, 7, 8]",1
487,pars,505,"[1, 2, 4, 5, 7, 8]",1
488,pars,506,"[1, 2, 4, 5, 7, 8]",1
489,pars,507,"[1, 2, 4, 5, 7, 8]",1
490,pars,508,"[1, 2, 4, 5, 7, 8]",1
491,pars,509,"[1, 2, 4, 5, 7, 8]",1
492,pars,510,"[1, 2, 4, 5, 7, 8]",1
493,pars,511,"[1, 2, 4, 5, 7, 8]",1
494,pars,512,"[1, 2, 4, 5, 7, 8]",1
495,pars,513,"[1, 2, 4, 5, 7, 8]",1
496,pars,514,"[1, 2, 4, 5, 7, 8]",1
497,pars,515,"[1, 2, 4, 5, 7, 8]",1
498,pars,516,"[1, 2, 4, 5, 7, 8]",1
499,pars,517,"[1, 2, 4, 5, 7, 8]",1
500,pars,518,"[1, 2, 4, 5, 7, 8]",1
501,pars,519,"[1, 2, 4, 5, 7, 8]",1
502,pars,520,"[1, 2, 4, 5, 7, 8]",1
503,pars,521,"[1, 2, 4, 5, 7, 8]",1
504,pars,522,"[1, 2, 4, 5, 7, 8]",1
505,pars,523,"[1, 2, 4, 5, 7, 8]",1
506,pars,524,"[1, 2, 4, 5, 7, 8]",1
507,pars,525,"[1, 2, 4, 5, 7, 8]",1
508,pars,526,"[1, 2, 4, 5, 7, 8]",1
509,pars,527,"[1, 2, 4, 5, 7, 8]",1
510,pars,528,"[1, 2, 4, 5, 7, 8]",1
511,pars,529,"[1, 2, 4, 5, 7, 8]",1
512,pars,530,"[1, 2, 4, 5, 7, 8]",1
513,pars,531,"[1, 2, 4, 5, 7, 8]",1
514,pars,532,"[1, 2, 4, 5, 7, 8]",1
515,pars,533,"[1, 2, 4, 5, 7, 8]",1
516,pars,534,"[1, 2, 4, 5, 7, 8]",1
517,pars,535,"[1, 2, 4, 5, 7, 8]",1
518,pars,536,"[1, 2, 4, 5, 7, 8]",1
519,pars,537,"[1, 2, 4, 5, 7, 8]",1
520,pars,538,"[1, 2, 4, 5, 7, 8]",1
521,pars,539,"[1, 2, 4, 5, 7, 8]",1
522,pars,540,"[1, 2, 4, 5, 7, 8]",1
523,pars,541,"[1, 2, 4, 5, 7, 8]",1
524,pars,542,"[1, 2, 4, 5, 7, 8]",1
525,pars,543,"[1, 2, 4, 5, 7, 8]",1
526,pars,544,"[1, 2, 4, 5, 7, 8]",1
527,pars,545,"[1, 2, 4, 5, 7, 8]",1
528,pars,546,"[1, 2, 4, 5, 7, 8]",1
529,pars,547,"[1, 2, 4, 5, 7, 8]",1
530,pars,548,"[1, 2, 4, 5, 7, 8]",1
531,pars,549,"[1, 2, 4, 5, 7, 8]",1
532,pars,550,"[1, 2, 4, 5, 7, 8]",1
533,pars,551,"[1, 2, 4, 5, 7, 8]",1
534,pars,552,"[1, 2, 4, 5, 7, 8]",1
535,pars,553,"[1, 2, 4, 5, 7, 8]",1
536,pars,554,"[1, 2, 4, 5, 7, 8]",1
537,pars,555,"[1, 2, 4, 5, 7, 8]",1
538,pars,556,"[1, 2, 4, 5, 7, 8]",1
539,pars,557,"[1, 2, 4, 5, 7, 8]",1
540,pars,558,"[1, 2, 4, 5, 7, 8]",1
541,pars,559,"[1, 2, 4, 5, 7, 8]",1
542,pars,560,"[1, 2, 4, 5, 7, 8]",1
543,pars,561,"[1, 2, 4, 5, 7, 8]",1
544,pars,562,"[1, 2, 4, 5, 7, 8]",1
545,pars,563,"[1, 2, 4, 5, 7, 8]",1
546,pars,564,"[1, 2, 4, 5, 7, 8]",1
547,pars,565,"[1, 2, 4, 5, 7, 8]",1
548,pars,566,"[1, 2, 4, 5, 7, 8]",1
549,pars,567,"[1, 2, 4, 5, 7, 8]",1
550,pars,568,"[1, 2, 4, 5, 7, 8]",1
551,pars,569,"[1, 2, 4, 5, 7, 8]",1
552,pars,570,"[1, 2, 4, 5, 7, 8]",1
553,pars,571,"[1, 2, 4, 5, 7, 8]",1
554,pars,572,"[1, 2, 4, 5, 7, 8]",1
555,pars,573,"[1, 2, 4, 5, 7, 8]",1
556,pars,574,"[1, 2, 4, 5, 7, 8]",1
557,pars,575,"[1, 2, 4, 5, 7, 8]",1
558,pars,576,"[1, 2, 4, 5, 7, 8]",1
559,pars,577,"[1, 2, 4, 5, 7, 8]",1
560,pars,578,"[1, 2, 4, 5, 7, 8]",1
561,pars,579,"[1, 2, 4, 5, 7, 8]",1
562,pars,580,"[1, 2, 4, 5, 7, 8]",1
563,pars,581,"[1, 2, 4, 5, 7, 8]",1
564,pars,582,"[1, 2, 4, 5, 7, 8]",1
565,pars,583,"[1, 2, 4, 5, 7, 8]",1
566,pars,584,"[1, 2, 4, 5, 7, 8]",1
567,pars,585,"[1, 2, 4, 5, 7, 8]",1
568,pars,586,"[1, 2, 4, 5, 7, 8]",1
569,pars,587,"[1, 2, 4, 5, 7, 8]",1
570,pars,588,"[1, 2, 4, 5, 7, 8]",1
571,pars,589,"[1, 2, 4, 5, 7, 8]",1
572,pars,590,"[1, 2, 4, 5, 7, 8]",1
573,pars,591,"[1, 2, 4, 5, 7, 8]",1
574,pars,592,"[1, 2, 4, 5, 7, 8]",1
575,pars,593,"[1, 2, 4, 5, 7, 8]",1
576,pars,594,"[1, 2, 4, 5, 7, 8]",1
577,pars,595,"[1, 2, 4, 5, 7, 8]",1
578,pars,596,"[1, 2, 4, 5, 7, 8]",1
579,pars,597,"[1, 2, 4, 5, 7, 8]",1
580,pars,598,"[1, 2, 4, 5, 7, 8]",1
581,pars,599,"[1, 2, 4, 5, 7, 8]",1
582,pars,600,"[1, 2, 4, 5, 7, 8]",1
583,pars,601,"[1, 2, 4, 5, 7, 8]",1
584,pars,602,"[1, 2, 4, 5, 7, 8]",1
585,pars,603,"[1, 2, 4, 5, 7, 8]",1
586,pars,604,"[1, 2, 4, 5, 7, 8]",1
587,pars,605,"[1, 2, 4, 5, 7, 8]",1
588,pars,606,"[1, 2, 4, 5, 7, 8]",1
589,pars,607,"[1, 2, 4, 5, 7, 8]",1
590,pars,608,"[1, 2, 4, 5, 7, 8]",1
591,pars,609,"[1, 2, 4, 5, 7, 8]",1
592,pars,610,"[1, 2, 4, 5, 7, 8]",1
593,pars,611,"[1, 2, 4, 5, 7, 8]",1
594,pars,612,"[1, 2, 4, 5, 7, 8]",1
595,pars,613,"[1, 2, 4, 5, 7, 8]",1
596,pars,614,"[1, 2, 4, 5, 7, 8]",1
597,pars,615,"[1, 2, 4, 5, 7, 8]",1
598,pars,616,"[1, 2, 4, 5, 7, 8]",1
599,pars,617,"[1, 2, 4, 5, 7, 8]",1
600,pars,618,"[1, 2, 4, 5, 7, 8]",1
601,pars,619,"[1, 2, 4, 5, 7, 8]",1
602,pars,620,"[1, 2, 4, 5, 7, 8]",1
603,pars,621,"[1, 2, 4, 5, 7, 8]",1
604,pars,622,"[1, 2, 4, 5, 7, 8]",1
605,pars,623,"[1, 2, 4, 5, 7, 8]",1
606,pars,624,"[1, 2, 4, 5, 7, 8]",1
607,pars,625,"[1, 2, 4, 5, 7, 8]",1
608,pars,626,"[1, 2, 4, 5, 7, 8]",1
609,pars,627,"[1, 2, 4, 5, 7, 8]",1
610,pars,628,"[1, 2, 4, 5, 7, 8]",1
611,pars,629,"[1, 2, 4, 5, 7, 8]",1
612,pars,630,"[1, 2, 4, 5, 7, 8]",1
613,pars,631,"[1, 2, 4, 5, 7, 8]",1
614,pars,632,"[1, 2, 4, 5, 7, 8]",1
615,pars,633,"[1, 2, 4, 5, 7, 8]",1
616,pars,634,"[1, 2, 4, 5, 7, 8]",1
617,pars,635,"[1, 2, 4, 5, 7, 8]",1
618,pars,636,"[1, 2, 4, 5, 7, 8]",1
619,pars,637,"[1, 2, 4, 5, 7, 8]",1
620,pars,638,"[1, 2, 4, 5, 7, 8]",1
621,pars,639,"[1, 2, 4, 5, 7, 8]",1
622,pars,640,"[1, 2, 4, 5, 7, 8]",1
623,pars,641,"[1, 2, 4, 5, 7, 8]",1
624,pars,642,"[1, 2, 4, 5, 7, 8]",1
625,pars,643,"[1, 2, 4, 5, 7, 8]",1
626,pars,644,"[1, 2, 4, 5, 7, 8]",1
627,pars,645,"[1, 2, 4, 5, 7, 8]",1
628,pars,646,"[1, 2, 4, 5, 7, 8]",1
629,pars,647,"[1, 2, 4, 5, 7, 8]",1
630,pars,648,"[1, 2, 4, 5, 7, 8]",1
631,pars,649,"[1, 2, 4, 5, 7, 8]",1
632,pars,650,"[1, 2, 4, 5, 7, 8]",1
633,pars,651,"[1, 2, 4, 5, 7, 8]",1
634,pars,652,"[1, 2, 4, 5, 7, 8]",1
635,pars,653,"[1, 2, 4, 5, 7, 8]",1
636,pars,654,"[1, 2, 4, 5, 7, 8]",1
637,pars,655,"[1, 2, 4, 5, 7, 8]",1
638,pars,656,"[1, 2, 4, 5, 7, 8]",1
639,pars,657,"[1, 2, 4, 5, 7, 8]",1
640,pars,658,"[1, 2, 4, 5, 7, 8]",1
641,pars,659,"[1, 2, 4, 5, 7, 8]",1
642,pars,660,"[1, 2, 4, 5, 7, 8]",1
643,pars,661,"[1, 2, 4, 5, 7, 8]",1
644,pars,662,"[1, 2, 4, 5, 7, 8]",1
645,pars,663,"[1, 2, 4, 5, 7, 8]",1
646,pars,664,"[1, 2, 4, 5, 7, 8]",1
647,pars,665,"[1, 2, 4, 5, 7, 8]",1
648,pars,666,"[1, 2, 4, 5, 7, 8]",1
649,pars,667,"[1, 2, 4, 5, 7, 8]",1
650,pars,668,"[1, 2, 4, 5, 7, 8]",1
651,pars,669,"[1, 2, 4, 5, 7, 8]",1
652,pars,670,"[1, 2, 4, 5, 7, 8]",1
653,pars,671,"[1, 2, 4, 5, 7, 8]",1
654,pars,672,"[1, 2, 4, 5, 7, 8]",1
655,pars,673,"[1, 2, 4, 5, 7, 8]",1
656,pars,674,"[1, 2, 4, 5, 7, 8]",1
657,pars,675,"[1, 2, 4, 5, 7, 8]",1
658,pars,676,"[1, 2, 4, 5, 7, 8]",1
659,pars,677,"[1, 2, 4, 5, 7, 8]",1
660,pars,678,"[1, 2, 4, 5, 7, 8]",1
661,pars,679,"[1, 2, 4, 5, 7, 8]",1
662,pars,680,"[1, 2, 4, 5, 7, 8]",1
663,pars,681,"[1, 2, 4, 5, 7, 8]",1
664,pars,682,"[1, 2, 4, 5, 7, 8]",1
665,pars,683,"[1, 2, 4, 5, 7, 8]",1
666,pars,684,"[1, 2, 4, 5, 7, 8]",1
667,pars,685,"[1, 2, 4, 5, 7, 8]",1
668,pars,686,"[1, 2, 4, 5, 7, 8]",1
669,pars,687,"[1, 2, 4, 5, 7, 8]",1
670,pars,688,"[1, 2, 4, 5, 7, 8]",1
671,pars,689,"[1, 2, 4, 5, 7, 8]",1
672,pars,690,"[1, 2, 4, 5, 7, 8]",1
673,pars,691,"[1, 2, 4, 5, 7, 8]",1
674,pars,692,"[1, 2, 4, 5, 7, 8]",1
675,pars,693,"[1, 2, 4, 5, 7, 8]",1
676,pars,694,"[1, 2, 4, 5, 7, 8]",1
677,pars,695,"[1, 2, 4, 5, 7, 8]",1
678,pars,696,"[1, 2, 4, 5, 7, 8]",1
679,pars,697,"[1, 2, 4, 5, 7, 8]",1
680,pars,698,"[1, 2, 4, 5, 7, 8]",1
681,pars,699,"[1, 2, 4, 5, 7, 8]",1
682,pars,700,"[1, 2, 4, 5, 7, 8]",1
683,pars,701,"[1, 2, 4, 5, 7, 8]",1
684,pars,702,"[1, 2, 4, 5, 7, 8]",1
685,pars,703,"[1, 2, 4, 5, 7, 8]",1
686,pars,704,"[1, 2, 4, 5, 7, 8]",1
687,pars,705,"[1, 2, 4, 5, 7, 8]",1
688,pars,706,"[1, 2, 4, 5, 7, 8]",1
689,pars,707,"[1, 2, 4, 5, 7, 8]",1
690,pars,708,"[1, 2, 4, 5, 7, 8]",1
691,pars,709,"[1, 2, 4, 5, 7, 8]",1
692,pars,710,"[1, 2, 4, 5, 7, 8]",1
693,pars,711,"[1, 2, 4, 5, 7, 8]",1
694,pars,712,"[1, 2, 4, 5, 7, 8]",1
695,pars,713,"[1, 2, 4, 5, 7, 8]",1
696,pars,714,"[1, 2, 4, 5, 7, 8]",1
697,pars,715,"[1, 2, 4, 5, 7, 8]",1
698,pars,716,"[1, 2, 4, 5, 7, 8]",1
699,pars,717,"[1, 2, 4, 5, 7, 8]",1
700,pars,718,"[1, 2, 4, 5, 7, 8]",1
701,pars,719,"[1, 2, 4, 5, 7, 8]",1
702,pars,720,"[1, 2, 4, 5, 7, 8]",1
703,pars,721,"[1, 2, 4, 5, 7, 8]",1
704,pars,722,"[1, 2, 4, 5, 7, 8]",1
705,pars,723,"[1, 2, 4, 5, 7, 8]",1
706,pars,724,"[1, 2, 4, 5, 7, 8]",1
707,pars,725,"[1, 2, 4, 5, 7, 8]",1
708,pars,726,"[1, 2, 4, 5, 7, 8]",1
709,pars,727,"[1, 2, 4, 5, 7, 8]",1
710,pars,728,"[1, 2, 4, 5, 7, 8]",1
711,pars,729,"[1, 2, 4, 5, 7, 8]",1
712,pars,730,"[1, 2, 4, 5, 7, 8]",1
713,pars,731,"[1, 2, 4, 5, 7, 8]",1
714,pars,732,"[1, 2, 4, 5, 7, 8]",1
715,pars,733,"[1, 2, 4, 5, 7, 8]",1
716,pars,734,"[1, 2, 4, 5, 7, 8]",1
717,pars,735,"[1, 2, 4, 5, 7, 8]",1
718,pars,736,"[1, 2, 4, 5, 7, 8]",1
719,pars,737,"[1, 2, 4, 5, 7, 8]",1
720,pars,738,"[1, 2, 4, 5, 7, 8]",1
721,pars,739,"[1, 2, 4, 5, 7, 8]",1
722,pars,740,"[1, 2, 4, 5, 7, 8]",1
723,pars,741,"[1, 2, 4, 5, 7, 8]",1
724,pars,742,"[1, 2, 4, 5, 7, 8]",1
725,pars,743,"[1, 2, 4, 5, 7, 8]",1
726,pars,744,"[1, 2, 4, 5, 7, 8]",1
727,pars,745,"[1, 2, 4, 5, 7, 8]",1
728,pars,746,"[1, 2, 4, 5, 7, 8]",1
729,pars,747,"[1, 2, 4, 5, 7, 8]",1
730,pars,748,"[1, 2, 4, 5, 7, 8]",1
731,pars,749,"[1, 2, 4, 5, 7, 8]",1
732,pars,750,"[1, 2, 4, 5, 7, 8]",1
733,pars,751,"[1, 2, 4, 5, 7, 8]",1
734,pars,752,"[1, 2, 4, 5, 7, 8]",1
735,pars,753,"[1, 2, 4, 5, 7, 8]",1
736,pars,754,"[1, 2, 4, 5, 7, 8]",1
737,pars,755,"[1, 2, 4, 5, 7, 8]",1
738,pars,756,"[1, 2, 4, 5, 7, 8]",1
739,pars,757,"[1, 2, 4, 5, 7, 8]",1
740,pars,758,"[1, 2, 4, 5, 7, 8]",1
741,pars,759,"[1, 2, 4, 5, 7, 8]",1
742,pars,760,"[1, 2, 4, 5, 7, 8]",1
743,pars,761,"[1, 2, 4, 5, 7, 8]",1
744,pars,762,"[1, 2, 4, 5, 7, 8]",1
745,pars,763,"[1, 2, 4, 5, 7, 8]",1
746,pars,764,"[1, 2, 4, 5, 7, 8]",1
747,pars,765,"[1, 2, 4, 5, 7, 8]",1
748,pars,766,"[1, 2, 4, 5, 7, 8]",1
749,pars,767,"[1, 2, 4, 5, 7, 8]",1
750,pars,768,"[1, 2, 4, 5, 7, 8]",1
751,pars,769,"[1, 2, 4, 5, 7, 8]",1
752,pars,770,"[1, 2, 4, 5, 7, 8]",1
753,pars,771,"[1, 2, 4, 5, 7, 8]",1
754,pars,772,"[1, 2, 4, 5, 7, 8]",1
755,pars,773,"[1, 2, 4, 5, 7, 8]",1
756,pars,774,"[1, 2, 4, 5, 7, 8]",1
757,pars,775,"[1, 2, 4, 5, 7, 8]",1
758,pars,776,"[1, 2, 4, 5, 7, 8]",1
759,pars,777,"[1, 2, 4, 5, 7, 8]",1
760,pars,778,"[1, 2, 4, 5, 7, 8]",1
761,pars,779,"[1, 2, 4, 5, 7, 8]",1
762,pars,780,"[1, 2, 4, 5, 7, 8]",1
763,pars,781,"[1, 2, 4, 5, 7, 8]",1
764,pars,782,"[1, 2, 4, 5, 7, 8]",1
765,pars,783,"[1, 2, 4, 5, 7, 8]",1
766,pars,784,"[1, 2, 4, 5, 7, 8]",1
767,pars,785,"[1, 2, 4, 5, 7, 8]",1
768,pars,786,"[1, 2, 4, 5, 7, 8]",1
769,pars,787,"[1, 2, 4, 5, 7, 8]",1
770,pars,788,"[1, 2, 4, 5, 7, 8]",1
771,pars,789,"[1, 2, 4, 5, 7, 8]",1
772,pars,790,"[1, 2, 4, 5, 7, 8]",1
773,pars,791,"[1, 2, 4, 5, 7, 8]",1
774,pars,792,"[1, 2, 4, 5, 7, 8]",1
775,pars,793,"[1, 2, 4, 5, 7, 8]",1
776,pars,794,"[1, 2, 4, 5, 7, 8]",1
777,pars,795,"[1, 2, 4, 5, 7, 8]",1
778,pars,796,"[1, 2, 4, 5, 7, 8]",1
779,pars,797,"[1, 2, 4, 5, 7, 8]",1
780,pars,798,"[1, 2, 4, 5, 7, 8]",1
781,pars,799,"[1, 2, 4, 5, 7, 8]",1
782,pars,800,"[1, 2, 4, 5, 7, 8]",1
783,pars,801,"[1, 2, 4, 5, 7, 8]",1
784,pars,802,"[1, 2, 4, 5, 7, 8]",1
785,pars,803,"[1, 2, 4, 5, 7, 8]",1
786,pars,804,"[1, 2, 4, 5, 7, 8]",1
787,pars,805,"[1, 2, 4, 5, 7, 8]",1
788,pars,806,"[1, 2, 4, 5, 7, 8]",1
789,pars,807,"[1, 2, 4, 5, 7, 8]",1
790,pars,808,"[1, 2, 4, 5, 7, 8]",1
791,pars,809,"[1, 2, 4, 5, 7, 8]",1
792,pars,810,"[1, 2, 4, 5, 7, 8]",1
793,pars,811,"[1, 2, 4, 5, 7, 8]",1
794,pars,812,"[1, 2, 4, 5, 7, 8]",1
795,pars,813,"[1, 2, 4, 5, 7, 8]",1
796,pars,814,"[1, 2, 4, 5, 7, 8]",1
797,pars,815,"[1, 2, 4, 5, 7, 8]",1
798,pars,816,"[1, 2, 4, 5, 7, 8]",1
799,pars,817,"[1, 2, 4, 5, 7, 8]",1
800,pars,818,"[1, 2, 4, 5, 7, 8]",1
801,pars,819,"[1, 2, 4, 5, 7, 8]",1
802,pars,820,"[1, 2, 4, 5, 7, 8]",1
803,pars,821,"[1, 2, 4, 5, 7, 8]",1
804,pars,822,"[1, 2, 4, 5, 7, 8]",1
805,pars,823,"[1, 2, 4, 5, 7, 8]",1
806,pars,824,"[1, 2, 4, 5, 7, 8]",1
807,pars,825,"[1, 2, 4, 5, 7, 8]",1
808,pars,826,"[1, 2, 4, 5, 7, 8]",1
809,pars,827,"[1, 2, 4, 5, 7, 8]",1
810,pars,828,"[1, 2, 4, 5, 7, 8]",1
811,pars,829,"[1, 2, 4, 5, 7, 8]",1
812,pars,830,"[1, 2, 4, 5, 7, 8]",1
813,pars,831,"[1, 2, 4, 5, 7, 8]",1
814,pars,832,"[1, 2, 4, 5, 7, 8]",1
815,pars,833,"[1, 2, 4, 5, 7, 8]",1
816,pars,834,"[1, 2, 4, 5, 7, 8]",1
817,pars,835,"[1, 2, 4, 5, 7, 8]",1
818,pars,836,"[1, 2, 4, 5, 7, 8]",1
819,pars,837,"[1, 2, 4, 5, 7, 8]",1
820,pars,838,"[1, 2, 4, 5, 7, 8]",1
821,pars,839,"[1, 2, 4, 5, 7, 8]",1
822,pars,840,"[1, 2, 4, 5, 7, 8]",1
823,pars,841,"[1, 2, 4, 5, 7, 8]",1
824,pars,842,"[1, 2, 4, 5, 7, 8]",1
825,pars,843,"[1, 2, 4, 5, 7, 8]",1
826,pars,844,"[1, 2, 4, 5, 7, 8]",1
827,pars,845,"[1, 2, 4, 5, 7, 8]",1
828,pars,846,"[1, 2, 4, 5, 7, 8]",1
829,pars,847,"[1, 2, 4, 5, 7, 8]",1
830,pars,848,"[1, 2, 4, 5, 7, 8]",1
831,pars,849,"[1, 2, 4, 5, 7, 8]",1
832,pars,850,"[1, 2, 4, 5, 7, 8]",1
833,pars,851,"[1, 2, 4, 5, 7, 8]",1
834,pars,852,"[1, 2, 4, 5, 7, 8]",1
835,pars,853,"[1, 2, 4, 5, 7, 8]",1
836,pars,854,"[1, 2, 4, 5, 7, 8]",1
837,pars,855,"[1, 2, 4, 5, 7, 8]",1
838,pars,856,"[1, 2, 4, 5, 7, 8]",1
839,pars,857,"[1, 2, 4, 5, 7, 8]",1
840,pars,858,"[1, 2, 4, 5, 7, 8]",1
841,pars,859,"[1, 2, 4, 5, 7, 8]",1
842,pars,860,"[1, 2, 4, 5, 7, 8]",1
843,pars,861,"[1, 2, 4, 5, 7, 8]",1
844,pars,862,"[1, 2, 4, 5, 7, 8]",1
845,pars,863,"[1, 2, 4, 5, 7, 8]",1
846,pars,864,"[1, 2, 4, 5, 7, 8]",1
847,pars,865,"[1, 2, 4, 5, 7, 8]",1
848,pars,866,"[1, 2, 4, 5, 7, 8]",1
849,pars,867,"[1, 2, 4, 5, 7, 8]",1
850,pars,868,"[1, 2, 4, 5, 7, 8]",1
851,pars,869,"[1, 2, 4, 5, 7, 8]",1
852,pars,870,"[1, 2, 4, 5, 7, 8]",1
853,pars,871,"[1, 2, 4, 5, 7, 8]",1
854,pars,872,"[1, 2, 4, 5, 7, 8]",1
855,pars,873,"[1, 2, 4, 5, 7, 8]",1
856,pars,874,"[1, 2, 4, 5, 7, 8]",1
857,pars,875,"[1, 2, 4, 5, 7, 8]",1
858,pars,876,"[1, 2, 4, 5, 7, 8]",1
859,pars,877,"[1, 2, 4, 5, 7, 8]",1
860,pars,878,"[1, 2, 4, 5, 7, 8]",1
861,pars,879,"[1, 2, 4, 5, 7, 8]",1
862,pars,880,"[1, 2, 4, 5, 7, 8]",1
863,pars,881,"[1, 2, 4, 5, 7, 8]",1
864,pars,882,"[1, 2, 4, 5, 7, 8]",1
865,pars,883,"[1, 2, 4, 5, 7, 8]",1
866,pars,884,"[1, 2, 4, 5, 7, 8]",1
867,pars,885,"[1, 2, 4, 5, 7, 8]",1
868,pars,886,"[1, 2, 4, 5, 7, 8]",1
869,pars,887,"[1, 2, 4, 5, 7, 8]",1
870,pars,888,"[1, 2, 4, 5, 7, 8]",1
871,pars,889,"[1, 2, 4, 5, 7, 8]",1
872,pars,890,"[1, 2, 4, 5, 7, 8]",1
873,pars,891,"[1, 2, 4, 5, 7, 8]",1
874,pars,892,"[1, 2, 4, 5, 7, 8]",1
875,pars,893,"[1, 2, 4, 5, 7, 8]",1
876,pars,894,"[1, 2, 4, 5, 7, 8]",1
877,pars,895,"[1, 2, 4, 5, 7, 8]",1
878,pars,896,"[1, 2, 4, 5, 7, 8]",1
879,pars,897,"[1, 2, 4, 5, 7, 8]",1
880,pars,898,"[1, 2, 4, 5, 7, 8]",1
881,pars,899,"[1, 2, 4, 5, 7, 8]",1
882,pars,900,"[1, 2, 4, 5, 7, 8]",1
883,pars,901,"[1, 2, 4, 5, 7, 8]",1
884,pars,902,"[1, 2, 4, 5, 7, 8]",1
885,pars,903,"[1, 2, 4, 5, 7, 8]",1
886,pars,904,"[1, 2, 4, 5, 7, 8]",1
887,pars,905,"[1, 2, 4, 5, 7, 8]",1
888,pars,906,"[1, 2, 4, 5, 7, 8]",1
889,pars,907,"[1, 2, 4, 5, 7, 8]",1
890,pars,908,"[1, 2, 4, 5, 7, 8]",1
891,pars,909,"[1, 2, 4, 5, 7, 8]",1
892,pars,910,"[1, 2, 4, 5, 7, 8]",1
893,pars,911,"[1, 2, 4, 5, 7, 8]",1
894,pars,912,"[1, 2, 4, 5, 7, 8]",1
895,pars,913,"[1, 2, 4, 5, 7, 8]",1
896,pars,914,"[1, 2, 4, 5, 7, 8]",1
897,pars,915,"[1, 2, 4, 5, 7, 8]",1
898,pars,916,"[1, 2, 4, 5, 7, 8]",1
899,pars,917,"[1, 2, 4, 5, 7, 8]",1
900,pars,918,"[1, 2, 4, 5, 7, 8]",1
901,pars,919,"[1, 2, 4, 5, 7, 8]",1
902,pars,920,"[1, 2, 4, 5, 7, 8]",1
903,pars,921,"[1, 2, 4, 5, 7, 8]",1
904,pars,922,"[1, 2, 4, 5, 7, 8]",1
905,pars,923,"[1, 2, 4, 5, 7, 8]",1
906,pars,924,"[1, 2, 4, 5, 7, 8]",1
907,pars,925,"[1, 2, 4, 5, 7, 8]",1
908,pars,926,"[1, 2, 4, 5, 7, 8]",1
909,pars,927,"[1, 2, 4, 5, 7, 8]",1
910,pars,928,"[1, 2, 4, 5, 7, 8]",1
911,pars,929,"[1, 2, 4, 5, 7, 8]",1
912,pars,930,"[1, 2, 4, 5, 7, 8]",1
913,pars,931,"[1, 2, 4, 5, 7, 8]",1
914,pars,932,"[1, 2, 4, 5, 7, 8]",1
915,pars,933,"[1, 2, 4, 5, 7, 8]",1
916,pars,934,"[1, 2, 4, 5, 7, 8]",1
917,pars,935,"[1, 2, 4, 5, 7, 8]",1
918,pars,936,"[1, 2, 4, 5, 7, 8]",1
919,pars,937,"[1, 2, 4, 5, 7, 8]",1
920,pars,938,"[1, 2, 4, 5, 7, 8]",1
921,pars,939,"[1, 2, 4, 5, 7, 8]",1
922,pars,940,"[1, 2, 4, 5, 7, 8]",1
923,pars,941,"[1, 2, 4, 5, 7, 8]",1
924,pars,942,"[1, 2, 4, 5, 7, 8]",1
925,pars,943,"[1, 2, 4, 5, 7, 8]",1
926,pars,944,"[1, 2, 4, 5, 7, 8]",1
927,pars,945,"[1, 2, 4, 5, 7, 8]",1
928,pars,946,"[1, 2, 4, 5, 7, 8]",1
929,pars,947,"[1, 2, 4, 5, 7, 8]",1
930,pars,948,"[1, 2, 4, 5, 7, 8]",1
931,pars,949,"[1, 2, 4, 5, 7, 8]",1
932,pars,950,"[1, 2, 4, 5, 7, 8]",1
933,pars,951,"[1, 2, 4, 5, 7, 8]",1
934,pars,952,"[1, 2, 4, 5, 7, 8]",1
935,pars,953,"[1, 2, 4, 5, 7, 8]",1
936,pars,954,"[1, 2, 4, 5, 7, 8]",1
937,pars,955,"[1, 2, 4, 5, 7, 8]",1
938,pars,956,"[1, 2, 4, 5, 7, 8]",1
939,pars,957,"[1, 2, 4, 5, 7, 8]",1
940,pars,958,"[1, 2, 4, 5, 7, 8]",1
941,pars,959,"[1, 2, 4, 5, 7, 8]",1
942,pars,960,"[1, 2, 4, 5, 7, 8]",1
943,pars,961,"[1, 2, 4, 5, 7, 8]",1
944,pars,962,"[1, 2, 4, 5, 7, 8]",1
945,pars,963,"[1, 2, 4, 5, 7, 8]",1
946,pars,964,"[1, 2, 4, 5, 7, 8]",1
947,pars,965,"[1, 2, 4, 5, 7, 8]",1
948,pars,966,"[1, 2, 4, 5, 7, 8]",1
949,pars,967,"[1, 2, 4, 5, 7, 8]",1
950,pars,968,"[1, 2, 4, 5, 7, 8]",1
951,pars,969,"[1, 2, 4, 5, 7, 8]",1
952,pars,970,"[1, 2, 4, 5, 7, 8]",1
953,pars,971,"[1, 2, 4, 5, 7, 8]",1
954,pars,972,"[1, 2, 4, 5, 7, 8]",1
955,pars,973,"[1, 2, 4, 5, 7, 8]",1
956,pars,974,"[1, 2, 4, 5, 7, 8]",1
957,pars,975,"[1, 2, 4, 5, 7, 8]",1
958,pars,976,"[1, 2, 4, 5, 7, 8]",1
959,pars,977,"[1, 2, 4, 5, 7, 8]",1
960,pars,978,"[1, 2, 4, 5, 7, 8]",1
961,pars,979,"[1, 2, 4, 5, 7, 8]",1
962,pars,980,"[1, 2, 4, 5, 7, 8]",1
963,pars,981,"[1, 2, 4, 5, 7, 8]",1
964,pars,982,"[1, 2, 4, 5, 7, 8]",1
965,pars,983,"[1, 2, 4, 5, 7, 8]",1
966,pars,984,"[1, 2, 4, 5, 7, 8]",1
967,pars,985,"[1, 2, 4, 5, 7, 8]",1
968,pars,986,"[1, 2, 4, 5, 7, 8]",1
969,pars,987,"[1, 2, 4, 5, 7, 8]",1
970,pars,988,"[1, 2, 4, 5, 7, 8]",1
971,pars,989,"[1, 2, 4, 5, 7, 8]",1
972,pars,990,"[1, 2, 4, 5, 7, 8]",1
973,pars,991,"[1, 2, 4, 5, 7, 8]",1
974,pars,992,"[1, 2, 4, 5, 7, 8]",1
975,pars,993,"[1, 2, 4, 5, 7, 8]",1
976,pars,994,"[1, 2, 4, 5, 7, 8]",1
977,pars,995,"[1, 2, 4, 5, 7, 8]",1
978,pars,996,"[1, 2, 4, 5, 7, 8]",1
979,pars,997,"[1, 2, 4, 5, 7, 8]",1
980,pars,998,"[1, 2, 4, 5, 7, 8]",1
981,pars,999,"[1, 2, 4, 5, 7, 8]",1
982,pars,1000,"[1, 2, 4, 5, 7, 8]",1
983,pars,1001,"[1, 2, 4, 5, 7, 8]",1
984,pars,1002,"[1, 2, 4, 5, 7, 8]",1
985,pars,1003,"[1, 2, 4, 5, 7, 8]",1
986,pars,1004,"[1, 2, 4, 5, 7, 8]",1
987,pars,1005,"[1, 2, 4, 5, 7, 8]",1
988,pars,1006,"[1, 2, 4, 5, 7, 8]",1
989,pars,1007,"[1, 2, 4, 5, 7, 8]",1
990,pars,1008,"[1, 2, 4, 5, 7, 8]",1
991,pars,1009,"[1, 2, 4, 5, 7, 8]",1
992,pars,1010,"[1, 2, 4, 5, 7, 8]",1
993,pars,1011,"[1, 2, 4, 5, 7, 8]",1
994,pars,1012,"[1, 2, 4, 5, 7, 8]",1
995,pars,1013,"[1, 2, 4, 5, 7, 8]",1
996,pars,1014,"[1, 2, 4, 5, 7, 8]",1
997,pars,1015,"[1, 2, 4, 5, 7, 8]",1
998,pars,1016,"[1, 2, 4, 5, 7, 8]",1
999,pars,1017,"[1, 2, 4, 5, 7, 8]",1
1000,pars,1018,"[1, 2, 4, 5, 7, 8]",1
1001,pars,1019,"[1, 2, 4, 5, 7, 8]",1
1002,pars,1020,"[1, 2, 4, 5, 7, 8]",1
1003,pars,1021,"[1, 2, 4, 5, 7, 8]",1
1004,pars,1022,"[1, 2, 4, 5, 7, 8]",1
1005,pars,1023,"[1, 2, 4, 5, 7, 8]",1
1006,pars,1024,"[1, 2, 4, 5, 7, 8]",1
1007,pars,1025,"[1, 2, 4, 5, 7, 8]",1
1008,pars,1026,"[1, 2, 4, 5, 7, 8]",1
1009,pars,1027,"[1, 2, 4, 5, 7, 8]",1
1010,pars,1028,"[1, 2, 4, 5, 7, 8]",1
1011,pars,1029,"[1, 2, 4, 5, 7, 8]",1
1012,pars,1030,"[1, 2, 4, 5, 7, 8]",1
1013,pars,1031,"[1, 2, 4, 5, 7, 8]",1
1014,pars,1032,"[1, 2, 4, 5, 7, 8]",1
1015,pars,1033,"[1, 2, 4, 5, 7, 8]",1
1016,pars,1034,"[1, 2, 4, 5, 7, 8]",1
1017,pars,1035,"[1, 2, 4, 5, 7, 8]",1
1018,pars,1036,"[1, 2, 4, 5, 7, 8]",1
1019,pars,1037,"[1, 2, 4, 5, 7, 8]",1
1020,pars,1038,"[1, 2, 4, 5, 7, 8]",1
1021,pars,1039,"[1, 2, 4, 5, 7, 8]",1
1022,pars,1040,"[1, 2, 4, 5, 7, 8]",1
1023,pars,1041,"[1, 2, 4, 5, 7, 8]",1
1024,pars,1042,"[1, 2, 4, 5, 7, 8]",1
1025,pars,1043,"[1, 2, 4, 5, 7, 8]",1
1026,pars,1044,"[1, 2, 4, 5, 7, 8]",1
1027,pars,1045,"[1, 2, 4, 5, 7, 8]",1
1028,pars,1046,"[1, 2, 4, 5, 7, 8]",1
1029,pars,1047,"[1, 2, 4, 5, 7, 8]",1
1030,pars,1048,"[1, 2, 4, 5, 7, 8]",1
1031,pars,1049,"[1, 2, 4, 5, 7, 8]",1
1032,pars,1050,"[1, 2, 4, 5, 7, 8]",1
1033,pars,1051,"[1, 2, 4, 5, 7, 8]",1
1034,pars,1052,"[1, 2, 4, 5, 7, 8]",1
1035,pars,1053,"[1, 2, 4, 5, 7, 8]",1
1036,pars,1054,"[1, 2, 4, 5, 7, 8]",1
1037,pars,1055,"[1, 2, 4, 5, 7, 8]",1
1038,pars,1056,"[1, 2, 4, 5, 7, 8]",1
1039,pars,1057,"[1, 2, 4, 5, 7, 8]",1
1040,pars,1058,"[1, 2, 4, 5, 7, 8]",1
1041,pars,1059,"[1, 2, 4, 5, 7, 8]",1
1042,pars,1060,"[1, 2, 4, 5, 7, 8]",1
1043,pars,1061,"[1, 2, 4, 5, 7, 8]",1
1044,pars,1062,"[1, 2, 4, 5, 7, 8]",1
1045,pars,1063,"[1, 2, 4, 5, 7, 8]",1
1046,pars,1064,"[1, 2, 4, 5, 7, 8]",1
1047,pars,1065,"[1, 2, 4, 5, 7, 8]",1
1048,pars,1066,"[1, 2, 4, 5, 7, 8]",1
1049,pars,1067,"[1, 2, 4, 5, 7, 8]",1
1050,pars,1068,"[1, 2, 4, 5, 7, 8]",1
1051,pars,1069,"[1, 2, 4, 5, 7, 8]",1
1052,pars,1070,"[1, 2, 4, 5, 7, 8]",1
1053,pars,1071,"[1, 2, 4, 5, 7, 8]",1
1054,pars,1072,"[1, 2, 4, 5, 7, 8]",1
1055,pars,1073,"[1, 2, 4, 5, 7, 8]",1
1056,pars,1074,"[1, 2, 4, 5, 7, 8]",1
1057,pars,1075,"[1, 2, 4, 5, 7, 8]",1
1058,pars,1076,"[1, 2, 4, 5, 7, 8]",1
1059,pars,1077,"[1, 2, 4, 5, 7, 8]",1
1060,pars,1078,"[1, 2, 4, 5, 7, 8]",1
1061,pars,1079,"[1, 2, 4, 5, 7, 8]",1
1062,pars,1080,"[1, 2, 4, 5, 7, 8]",1
1063,pars,1081,"[1, 2, 4, 5, 7, 8]",1
1064,pars,1082,"[1, 2, 4, 5, 7, 8]",1
1065,pars,1083,"[1, 2, 4, 5, 7, 8]",1
1066,pars,1084,"[1, 2, 4, 5, 7, 8]",1
1067,pars,1085,"[1, 2, 4, 5, 7, 8]",1
1068,pars,1086,"[1, 2, 4, 5, 7, 8]",1
1069,pars,1087,"[1, 2, 4, 5, 7, 8]",1
1070,pars,1088,"[1, 2, 4, 5, 7, 8]",1
1071,pars,1089,"[1, 2, 4, 5, 7, 8]",1
1072,pars,1090,"[1, 2, 4, 5, 7, 8]",1
1073,pars,1091,"[1, 2, 4, 5, 7, 8]",1
1074,pars,1092,"[1, 2, 4, 5, 7, 8]",1
1075,pars,1093,"[1, 2, 4, 5, 7, 8]",1
1076,pars,1094,"[1, 2, 4, 5, 7, 8]",1
1077,pars,1095,"[1, 2, 4, 5, 7, 8]",1
1078,pars,1096,"[1, 2, 4, 5, 7, 8]",1
1079,pars,1097,"[1, 2, 4, 5, 7, 8]",1
1080,pars,1098,"[1, 2, 4, 5, 7, 8]",1
1081,pars,1099,"[1, 2, 4, 5, 7, 8]",1
1082,pars,1100,"[1, 2, 4, 5, 7, 8]",1
1083,pars,1101,"[1, 2, 4, 5, 7, 8]",1
1084,pars,1102,"[1, 2, 4, 5, 7, 8]",1
1085,pars,1103,"[1, 2, 4, 5, 7, 8]",1
1086,pars,1104,"[1, 2, 4, 5, 7, 8]",1
1087,pars,1105,"[1, 2, 4, 5, 7, 8]",1
1088,pars,1106,"[1, 2, 4, 5, 7, 8]",1
1089,pars,1107,"[1, 2, 4, 5, 7, 8]",1
1090,pars,1108,"[1, 2, 4, 5, 7, 8]",1
1091,pars,1109,"[1, 2, 4, 5, 7, 8]",1
1092,pars,1110,"[1, 2, 4, 5, 7, 8]",1
1093,pars,1111,"[1, 2, 4, 5, 7, 8]",1
1094,pars,1112,"[1, 2, 4, 5, 7, 8]",1
1095,pars,1113,"[1, 2, 4, 5, 7, 8]",1
1096,pars,1114,"[1, 2, 4, 5, 7, 8]",1
1097,pars,1115,"[1, 2, 4, 5, 7, 8]",1
1098,pars,1116,"[1, 2, 4, 5, 7, 8]",1
1099,pars,1117,"[1, 2, 4, 5, 7, 8]",1
1100,pars,1118,"[1, 2, 4, 5, 7, 8]",1
1101,pars,1119,"[1, 2, 4, 5, 7, 8]",1
1102,pars,1120,"[1, 2, 4, 5, 7, 8]",1
1103,pars,1121,"[1, 2, 4, 5, 7, 8]",1
1104,pars,1122,"[1, 2, 4, 5, 7, 8]",1
1105,pars,1123,"[1, 2, 4, 5, 7, 8]",1
1106,pars,1124,"[1, 2, 4, 5, 7, 8]",1
1107,pars,1125,"[1, 2, 4, 5, 7, 8]",1
1108,pars,1126,"[1, 2, 4, 5, 7, 8]",1
1109,pars,1127,"[1, 2, 4, 5, 7, 8]",1
1110,pars,1128,"[1, 2, 4, 5, 7, 8]",1
1111,pars,1129,"[1, 2, 4, 5, 7, 8]",1
1112,pars,1130,"[1, 2, 4, 5, 7, 8]",1
1113,pars,1131,"[1, 2, 4, 5, 7, 8]",1
1114,pars,1132,"[1, 2, 4, 5, 7, 8]",1
1115,pars,1133,"[1, 2, 4, 5, 7, 8]",1
1116,pars,1134,"[1, 2, 4, 5, 7, 8]",1
1117,pars,1135,"[1, 2, 4, 5, 7, 8]",1
1118,pars,1136,"[1, 2, 4, 5, 7, 8]",1
1119,pars,1137,"[1, 2, 4, 5, 7, 8]",1
1120,pars,1138,"[1, 2, 4, 5, 7, 8]",1
1121,pars,1139,"[1, 2, 4, 5, 7, 8]",1
1122,pars,1140,"[1, 2, 4, 5, 7, 8]",1
1123,pars,1141,"[1, 2, 4, 5, 7, 8]",1
1124,pars,1142,"[1, 2, 4, 5, 7, 8]",1
1125,pars,1143,"[1, 2, 4, 5, 7, 8]",1
1126,pars,1144,"[1, 2, 4, 5, 7, 8]",1
1127,pars,1145,"[1, 2, 4, 5, 7, 8]",1
1128,pars,1146,"[1, 2, 4, 5, 7, 8]",1
1129,pars,1147,"[1, 2, 4, 5, 7, 8]",1
1130,pars,1148,"[1, 2, 4, 5, 7, 8]",1
1131,pars,1149,"[1, 2, 4, 5, 7, 8]",1
1132,pars,1150,"[1, 2, 4, 5, 7, 8]",1
1133,pars,1151,"[1, 2, 4, 5, 7, 8]",1
1134,pars,1152,"[1, 2, 4, 5, 7, 8]",1
1135,pars,1153,"[1, 2, 4, 5, 7, 8]",1
1136,pars,1154,"[1, 2, 4, 5, 7, 8]",1
1137,pars,1155,"[1, 2, 4, 5, 7, 8]",1
1138,pars,1156,"[1, 2, 4, 5, 7, 8]",1
1139,pars,1157,"[1, 2, 4, 5, 7, 8]",1
1140,pars,1158,"[1, 2, 4, 5, 7, 8]",1
1141,pars,1159,"[1, 2, 4, 5, 7, 8]",1
1142,pars,1160,"[1, 2, 4, 5, 7, 8]",1
1143,pars,1161,"[1, 2, 4, 5, 7, 8]",1
1144,pars,1162,"[1, 2, 4, 5, 7, 8]",1
1145,pars,1163,"[1, 2, 4, 5, 7, 8]",1
1146,pars,1164,"[1, 2, 4, 5, 7, 8]",1
1147,pars,1165,"[1, 2, 4, 5, 7, 8]",1
1148,pars,1166,"[1, 2, 4, 5, 7, 8]",1
1149,pars,1167,"[1, 2, 4, 5, 7, 8]",1
1150,pars,1168,"[1, 2, 4, 5, 7, 8]",1
1151,pars,1169,"[1, 2, 4, 5, 7, 8]",1
1152,pars,1170,"[1, 2, 4, 5, 7, 8]",1
1153,pars,1171,"[1, 2, 4, 5, 7, 8]",1
1154,pars,1172,"[1, 2, 4, 5, 7, 8]",1
1155,pars,1173,"[1, 2, 4, 5, 7, 8]",1
1156,pars,1174,"[1, 2, 4, 5, 7, 8]",1
1157,pars,1175,"[1, 2, 4, 5, 7, 8]",1
1158,pars,1176,"[1, 2, 4, 5, 7, 8]",1
1159,pars,1177,"[1, 2, 4, 5, 7, 8]",1
1160,pars,1178,"[1, 2, 4, 5, 7, 8]",1
1161,pars,1179,"[1, 2, 4, 5, 7, 8]",1
1162,pars,1180,"[1, 2, 4, 5, 7, 8]",1
1163,pars,1181,"[1, 2, 4, 5, 7, 8]",1
1164,pars,1182,"[1, 2, 4, 5, 7, 8]",1
1165,pars,1183,"[1, 2, 4, 5, 7, 8]",1
1166,pars,1184,"[1, 2, 4, 5, 7, 8]",1
1167,pars,1185,"[1, 2, 4, 5, 7, 8]",1
1168,pars,1186,"[1, 2, 4, 5, 7, 8]",1
1169,pars,1187,"[1, 2, 4, 5, 7, 8]",1
1170,pars,1188,"[1, 2, 4, 5, 7, 8]",1
1171,pars,1189,"[1, 2, 4, 5, 7, 8]",1
1172,pars,1190,"[1, 2, 4, 5, 7, 8]",1
1173,pars,1191,"[1, 2, 4, 5, 7, 8]",1
1174,pars,1192,"[1, 2, 4, 5, 7, 8]",1
1175,pars,1193,"[1, 2, 4, 5, 7, 8]",1
1176,pars,1194,"[1, 2, 4, 5, 7, 8]",1
1177,pars,1195,"[1, 2, 4, 5, 7, 8]",1
1178,pars,1196,"[1, 2, 4, 5, 7, 8]",1
1179,pars,1197,"[1, 2, 4, 5, 7, 8]",1
1180,pars,1198,"[1, 2, 4, 5, 7, 8]",1
1181,pars,1199,"[1, 2, 4, 5, 7, 8]",1
1182,pars,1200,"[1, 2, 4, 5, 7, 8]",1
1183,pars,1201,"[1, 2, 4, 5, 7, 8]",1
1184,pars,1202,"[1, 2, 4, 5, 7, 8]",1
1185,pars,1203,"[1, 2, 4, 5, 7, 8]",1
1186,pars,1204,"[1, 2, 4, 5, 7, 8]",1
1187,pars,1205,"[1, 2, 4, 5, 7, 8]",1
1188,pars,1206,"[1, 2, 4, 5, 7, 8]",1
1189,pars,1207,"[1, 2, 4, 5, 7, 8]",1
1190,pars,1208,"[1, 2, 4, 5, 7, 8]",1
1191,pars,1209,"[1, 2, 4, 5, 7, 8]",1
1192,pars,1210,"[1, 2, 4, 5, 7, 8]",1
1193,pars,1211,"[1, 2, 4, 5, 7, 8]",1
1194,pars,1212,"[1, 2, 4, 5, 7, 8]",1
1195,pars,1213,"[1, 2, 4, 5, 7, 8]",1
1196,pars,1214,"[1, 2, 4, 5, 7, 8]",1
1197,pars,1215,"[1, 2, 4, 5, 7, 8]",1
1198,pars,1216,"[1, 2, 4, 5, 7, 8]",1
1199,pars,1217,"[1, 2, 4, 5, 7, 8]",1
1200,pars,1218,"[1, 2, 4, 5, 7, 8]",1
1201,pars,1219,"[1, 2, 4, 5, 7, 8]",1
1202,pars,1220,"[1, 2, 4, 5, 7, 8]",1
1203,pars,1221,"[1, 2, 4, 5, 7, 8]",1
1204,pars,1222,"[1, 2, 4, 5, 7, 8]",1
1205,pars,1223,"[1, 2, 4, 5, 7, 8]",1
1206,pars,1224,"[1, 2, 4, 5, 7, 8]",1
1207,pars,1225,"[1, 2, 4, 5, 7, 8]",1
1208,pars,1226,"[1, 2, 4, 5, 7, 8]",1
1209,pars,1227,"[1, 2, 4, 5, 7, 8]",1
1210,pars,1228,"[1, 2, 4, 5, 7, 8]",1
1211,pars,1229,"[1, 2, 4, 5, 7, 8]",1
1212,pars,1230,"[1, 2, 4, 5, 7, 8]",1
1213,pars,1231,"[1, 2, 4, 5, 7, 8]",1
1214,pars,1232,"[1, 2, 4, 5, 7, 8]",1
1215,pars,1233,"[1, 2, 4, 5, 7, 8]",1
1216,pars,1234,"[1, 2, 4, 5, 7, 8]",1
1217,pars,1235,"[1, 2, 4, 5, 7, 8]",1
1218,pars,1236,"[1, 2, 4, 5, 7, 8]",1
1219,pars,1237,"[1, 2, 4, 5, 7, 8]",1
1220,pars,1238,"[1, 2, 4, 5, 7, 8]",1
1221,pars,1239,"[1, 2, 4, 5, 7, 8]",1
1222,pars,1240,"[1, 2, 4, 5, 7, 8]",1
1223,pars,1241,"[1, 2, 4, 5, 7, 8]",1
1224,pars,1242,"[1, 2, 4, 5, 7, 8]",1
1225,pars,1243,"[1, 2, 4, 5, 7, 8]",1
1226,pars,1244,"[1, 2, 4, 5, 7, 8]",1
1227,pars,1245,"[1, 2, 4, 5, 7, 8]",1
1228,pars,1246,"[1, 2, 4, 5, 7, 8]",1
1229,pars,1247,"[1, 2, 4, 5, 7, 8]",1
1230,pars,1248,"[1, 2, 4, 5, 7, 8]",1
1231,pars,1249,"[1, 2, 4, 5, 7, 8]",1
1232,pars,1250,"[1, 2, 4, 5, 7, 8]",1
1233,pars,1251,"[1, 2, 4, 5, 7, 8]",1
1234,pars,1252,"[1, 2, 4, 5, 7, 8]",1
1235,pars,1253,"[1, 2, 4, 5, 7, 8]",1
1236,pars,1254,"[1, 2, 4, 5, 7, 8]",1
1237,pars,1255,"[1, 2, 4, 5, 7, 8]",1
1238,pars,1256,"[1, 2, 4, 5, 7, 8]",1
1239,pars,1257,"[1, 2, 4, 5, 7, 8]",1
1240,pars,1258,"[1, 2, 4, 5, 7, 8]",1
1241,pars,1259,"[1, 2, 4, 5, 7, 8]",1
1242,pars,1260,"[1, 2, 4, 5, 7, 8]",1
1243,pars,1261,"[1, 2, 4, 5, 7, 8]",1
1244,pars,1262,"[1, 2, 4, 5, 7, 8]",1
1245,pars,1263,"[1, 2, 4, 5, 7, 8]",1
1246,pars,1264,"[1, 2, 4, 5, 7, 8]",1
1247,pars,1265,"[1, 2, 4, 5, 7, 8]",1
1248,pars,1266,"[1, 2, 4, 5, 7, 8]",1
1249,pars,1267,"[1, 2, 4, 5, 7, 8]",1
1250,pars,1268,"[1, 2, 4, 5, 7, 8]",1
1251,pars,1269,"[1, 2, 4, 5, 7, 8]",1
1252,pars,1270,"[1, 2, 4, 5, 7, 8]",1
1253,pars,1271,"[1, 2, 4, 5, 7, 8]",1
1254,pars,1272,"[1, 2, 4, 5, 7, 8]",1
1255,pars,1273,"[1, 2, 4, 5, 7, 8]",1
1256,pars,1274,"[1, 2, 4, 5, 7, 8]",1
1257,pars,1275,"[1, 2, 4, 5, 7, 8]",1
1258,pars,1276,"[1, 2, 4, 5, 7, 8]",1
1259,pars,1277,"[1, 2, 4, 5, 7, 8]",1
1260,pars,1278,"[1, 2, 4, 5, 7, 8]",1
1261,pars,1279,"[1, 2, 4, 5, 7, 8]",1
1262,pars,1280,"[1, 2, 4, 5, 7, 8]",1
1263,pars,1281,"[1, 2, 4, 5, 7, 8]",1
1264,pars,1282,"[1, 2, 4, 5, 7, 8]",1
1265,pars,1283,"[1, 2, 4, 5, 7, 8]",1
1266,pars,1284,"[1, 2, 4, 5, 7, 8]",1
1267,pars,1285,"[1, 2, 4, 5, 7, 8]",1
1268,pars,1286,"[1, 2, 4, 5, 7, 8]",1
1269,pars,1287,"[1, 2, 4, 5, 7, 8]",1
1270,pars,1288,"[1, 2, 4, 5, 7, 8]",1
1271,pars,1289,"[1, 2, 4, 5, 7, 8]",1
1272,pars,1290,"[1, 2, 4, 5, 7, 8]",1
1273,pars,1291,"[1, 2, 4, 5, 7, 8]",1
1274,pars,1292,"[1, 2, 4, 5, 7, 8]",1
1275,pars,1293,"[1, 2, 4, 5, 7, 8]",1
1276,pars,1294,"[1, 2, 4, 5, 7, 8]",1
1277,pars,1295,"[1, 2, 4, 5, 7, 8]",1
1278,pars,1296,"[1, 2, 4, 5, 7, 8]",1
1279,pars,1297,"[1, 2, 4, 5, 7, 8]",1
1280,pars,1298,"[1, 2, 4, 5, 7, 8]",1
1281,pars,1299,"[1, 2, 4, 5, 7, 8]",1
1282,pars,1300,"[1, 2, 4, 5, 7, 8]",1
1283,pars,1301,"[1, 2, 4, 5, 7, 8]",1
1284,pars,1302,"[1, 2, 4, 5, 7, 8]",1
1285,pars,1303,"[1, 2, 4, 5, 7, 8]",1
1286,pars,1304,"[1, 2, 4, 5, 7, 8]",1
1287,pars,1305,"[1, 2, 4, 5, 7, 8]",1
1288,pars,1306,"[1, 2, 4, 5, 7, 8]",1
1289,pars,1307,"[1, 2, 4, 5, 7, 8]",1
1290,pars,1308,"[1, 2, 4, 5, 7, 8]",1
1291,pars,1309,"[1, 2, 4, 5, 7, 8]",1
1292,pars,1310,"[1, 2, 4, 5, 7, 8]",1
1293,pars,1311,"[1, 2, 4, 5, 7, 8]",1
1294,pars,1312,"[1, 2, 4, 5, 7, 8]",1
1295,pars,1313,"[1, 2, 4, 5, 7, 8]",1
1296,pars,1314,"[1, 2, 4, 5, 7, 8]",1
1297,pars,1315,"[1, 2, 4, 5, 7, 8]",1
1298,pars,1316,"[1, 2, 4, 5, 7, 8]",1
1299,pars,1317,"[1, 2, 4, 5, 7, 8]",1
1300,pars,1318,"[1, 2, 4, 5, 7, 8]",1
1301,pars,1319,"[1, 2, 4, 5, 7, 8]",1
1302,pars,1320,"[1, 2, 4, 5, 7, 8]",1
1303,pars,1321,"[1, 2, 4, 5, 7, 8]",1
1304,pars,1322,"[1, 2, 4, 5, 7, 8]",1
1305,pars,1323,"[1, 2, 4, 5, 7, 8]",1
1306,pars,1324,"[1, 2, 4, 5, 7, 8]",1
1307,pars,1325,"[1, 2, 4, 5, 7, 8]",1
1308,pars,1326,"[1, 2, 4, 5, 7, 8]",1
1309,pars,1327,"[1, 2, 4, 5, 7, 8]",1
1310,pars,1328,"[1, 2, 4, 5, 7, 8]",1
1311,pars,1329,"[1, 2, 4, 5, 7, 8]",1
1312,pars,1330,"[1, 2, 4, 5, 7, 8]",1
1313,pars,1331,"[1, 2, 4, 5, 7, 8]",1
1314,pars,1332,"[1, 2, 4, 5, 7, 8]",1
1315,pars,1333,"[1, 2, 4, 5, 7, 8]",1
1316,pars,1334,"[1, 2, 4, 5, 7, 8]",1
1317,pars,1335,"[1, 2, 4, 5, 7, 8]",1
1318,pars,1336,"[1, 2, 4, 5, 7, 8]",1
1319,pars,1337,"[1, 2, 4, 5, 7, 8]",1
1320,pars,1338,"[1, 2, 4, 5, 7, 8]",1
1321,pars,1339,"[1, 2, 4, 5, 7, 8]",1
1322,pars,1340,"[1, 2, 4, 5, 7, 8]",1
1323,pars,1341,"[1, 2, 4, 5, 7, 8]",1
1324,pars,1342,"[1, 2, 4, 5, 7, 8]",1
1325,pars,1343,"[1, 2, 4, 5, 7, 8]",1
1326,pars,1344,"[1, 2, 4, 5, 7, 8]",1
1327,pars,1345,"[1, 2, 4, 5, 7, 8]",1
1328,pars,1346,"[1, 2, 4, 5, 7, 8]",1
1329,pars,1347,"[1, 2, 4, 5, 7, 8]",1
1330,pars,1348,"[1, 2, 4, 5, 7, 8]",1
1331,pars,1349,"[1, 2, 4, 5, 7, 8]",1
1332,pars,1350,"[1, 2, 4, 5, 7, 8]",1
1333,pars,1351,"[1, 2, 4, 5, 7, 8]",1
1334,pars,1352,"[1, 2, 4, 5, 7, 8]",1
1335,pars,1353,"[1, 2, 4, 5, 7, 8]",1
1336,pars,1354,"[1, 2, 4, 5, 7, 8]",1
1337,pars,1355,"[1, 2, 4, 5, 7, 8]",1
1338,pars,1356,"[1, 2, 4, 5, 7, 8]",1
1339,pars,1357,"[1, 2, 4, 5, 7, 8]",1
1340,pars,1358,"[1, 2, 4, 5, 7, 8]",1
1341,pars,1359,"[1, 2, 4, 5, 7, 8]",1
1342,pars,1360,"[1, 2, 4, 5, 7, 8]",1
1343,pars,1361,"[1, 2, 4, 5, 7, 8]",1
1344,pars,1362,"[1, 2, 4, 5, 7, 8]",1
1345,pars,1363,"[1, 2, 4, 5, 7, 8]",1
1346,pars,1364,"[1, 2, 4, 5, 7, 8]",1
1347,pars,1365,"[1, 2, 4, 5, 7, 8]",1
1348,pars,1366,"[1, 2, 4, 5, 7, 8]",1
1349,pars,1367,"[1, 2, 4, 5, 7, 8]",1
1350,pars,1368,"[1, 2, 4, 5, 7, 8]",1
1351,pars,1369,"[1, 2, 4, 5, 7, 8]",1
1352,pars,1370,"[1, 2, 4, 5, 7, 8]",1
1353,pars,1371,"[1, 2, 4, 5, 7, 8]",1
1354,pars,1372,"[1, 2, 4, 5, 7, 8]",1
1355,pars,1373,"[1, 2, 4, 5, 7, 8]",1
1356,pars,1374,"[1, 2, 4, 5, 7, 8]",1
1357,pars,1375,"[1, 2, 4, 5, 7, 8]",1
1358,pars,1376,"[1, 2, 4, 5, 7, 8]",1
1359,pars,1377,"[1, 2, 4, 5, 7, 8]",1
1360,pars,1378,"[1, 2, 4, 5, 7, 8]",1
1361,pars,1379,"[1, 2, 4, 5, 7, 8]",1
1362,pars,1380,"[1, 2, 4, 5, 7, 8]",1
1363,pars,1381,"[1, 2, 4, 5, 7, 8]",1
1364,pars,1382,"[1, 2, 4, 5, 7, 8]",1
1365,pars,1383,"[1, 2, 4, 5, 7, 8]",1
1366,pars,1384,"[1, 2, 4, 5, 7, 8]",1
1367,pars,1385,"[1, 2, 4, 5, 7, 8]",1
1368,pars,1386,"[1, 2, 4, 5, 7, 8]",1
1369,pars,1387,"[1, 2, 4, 5, 7, 8]",1
1370,pars,1388,"[1, 2, 4, 5, 7, 8]",1
1371,pars,1389,"[1, 2, 4, 5, 7, 8]",1
1372,pars,1390,"[1, 2, 4, 5, 7, 8]",1
1373,pars,1391,"[1, 2, 4, 5, 7, 8]",1
1374,pars,1392,"[1, 2, 4, 5, 7, 8]",1
1375,pars,1393,"[1, 2, 4, 5, 7, 8]",1
1376,pars,1394,"[1, 2, 4, 5, 7, 8]",1
1377,pars,1395,"[1, 2, 4, 5, 7, 8]",1
1378,pars,1396,"[1, 2, 4, 5, 7, 8]",1
1379,pars,1397,"[1, 2, 4, 5, 7, 8]",1
1380,pars,1398,"[1, 2, 4, 5, 7, 8]",1
1381,pars,1399,"[1, 2, 4, 5, 7, 8]",1
1382,pars,1400,"[1, 2, 4, 5, 7, 8]",1
1383,pars,1401,"[1, 2, 4, 5, 7, 8]",1
1384,pars,1402,"[1, 2, 4, 5, 7, 8]",1
1385,pars,1403,"[1, 2, 4, 5, 7, 8]",1
1386,pars,1404,"[1, 2, 4, 5, 7, 8]",1
1387,pars,1405,"[1, 2, 4, 5, 7, 8]",1
1388,pars,1406,"[1, 2, 4, 5, 7, 8]",1
1389,pars,1407,"[1, 2, 4, 5, 7, 8]",1
1390,pars,1408,"[1, 2, 4, 5, 7, 8]",1
1391,pars,1409,"[1, 2, 4, 5, 7, 8]",1
1392,pars,1410,"[1, 2, 4, 5, 7, 8]",1
1393,pars,1411,"[1, 2, 4, 5, 7, 8]",1
1394,pars,1412,"[1, 2, 4, 5, 7, 8]",1
1395,pars,1413,"[1, 2, 4, 5, 7, 8]",1
1396,pars,1414,"[1, 2, 4, 5, 7, 8]",1
1397,pars,1415,"[1, 2, 4, 5, 7, 8]",1
1398,pars,1416,"[1, 2, 4, 5, 7, 8]",1
1399,pars,1417,"[1, 2, 4, 5, 7, 8]",1
1400,pars,1418,"[1, 2, 4, 5, 7, 8]",1
1401,pars,1419,"[1, 2, 4, 5, 7, 8]",1
1402,pars,1420,"[1, 2, 4, 5, 7, 8]",1
1403,pars,1421,"[1, 2, 4, 5, 7, 8]",1
1404,pars,1422,"[1, 2, 4, 5, 7, 8]",1
1405,pars,1423,"[1, 2, 4, 5, 7, 8]",1
1406,pars,1424,"[1, 2, 4, 5, 7, 8]",1
1407,pars,1425,"[1, 2, 4, 5, 7, 8]",1
1408,pars,1426,"[1, 2, 4, 5, 7, 8]",1
1409,pars,1427,"[1, 2, 4, 5, 7, 8]",1
1410,pars,1428,"[1, 2, 4, 5, 7, 8]",1
1411,pars,1429,"[1, 2, 4, 5, 7, 8]",1
1412,pars,1430,"[1, 2, 4, 5, 7, 8]",1
1413,pars,1431,"[1, 2, 4, 5, 7, 8]",1
1414,pars,1432,"[1, 2, 4, 5, 7, 8]",1
1415,pars,1433,"[1, 2, 4, 5, 7, 8]",1
1416,pars,1434,"[1, 2, 4, 5, 7, 8]",1
1417,pars,1435,"[1, 2, 4, 5, 7, 8]",1
1418,pars,1436,"[1, 2, 4, 5, 7, 8]",1
1419,pars,1437,"[1, 2, 4, 5, 7, 8]",1
1420,pars,1438,"[1, 2, 4, 5, 7, 8]",1
1421,pars,1439,"[1, 2, 4, 5, 7, 8]",1
1422,pars,1440,"[1, 2, 4, 5, 7, 8]",1
1423,pars,1441,"[1, 2, 4, 5, 7, 8]",1
1424,pars,1442,"[1, 2, 4, 5, 7, 8]",1
1425,pars,1443,"[1, 2, 4, 5, 7, 8]",1
1426,pars,1444,"[1, 2, 4, 5, 7, 8]",1
1427,pars,1445,"[1, 2, 4, 5, 7, 8]",1
1428,pars,1446,"[1, 2, 4, 5, 7, 8]",1
1429,pars,1447,"[1, 2, 4, 5, 7, 8]",1
1430,pars,1448,"[1, 2, 4, 5, 7, 8]",1
1431,pars,1449,"[1, 2, 4, 5, 7, 8]",1
1432,pars,1450,"[1, 2, 4, 5, 7, 8]",1
1433,pars,1451,"[1, 2, 4, 5, 7, 8]",1
1434,pars,1452,"[1, 2, 4, 5, 7, 8]",1
1435,pars,1453,"[1, 2, 4, 5, 7, 8]",1
1436,pars,1454,"[1, 2, 4, 5, 7, 8]",1
1437,pars,1455,"[1, 2, 4, 5, 7, 8]",1
1438,pars,1456,"[1, 2, 4, 5, 7, 8]",1
1439,pars,1457,"[1, 2, 4, 5, 7, 8]",1
1440,pars,1458,"[1, 2, 4, 5, 7, 8]",1
1441,pars,1459,"[1, 2, 4, 5, 7, 8]",1
1442,pars,1460,"[1, 2, 4, 5, 7, 8]",1
1443,pars,1461,"[1, 2, 4, 5, 7, 8]",1
1444,pars,1462,"[1, 2, 4, 5, 7, 8]",1
1445,pars,1463,"[1, 2, 4, 5, 7, 8]",1
1446,pars,1464,"[1, 2, 4, 5, 7, 8]",1
1447,pars,1465,"[1, 2, 4, 5, 7, 8]",1
1448,pars,1466,"[1, 2, 4, 5, 7, 8]",1
1449,pars,1467,"[1, 2, 4, 5, 7, 8]",1
1450,pars,1468,"[1, 2, 4, 5, 7, 8]",1
1451,pars,1469,"[1, 2, 4, 5, 7, 8]",1
1452,pars,1470,"[1, 2, 4, 5, 7, 8]",1
1453,pars,1471,"[1, 2, 4, 5, 7, 8]",1
1454,pars,1472,"[1, 2, 4, 5, 7, 8]",1
1455,pars,1473,"[1, 2, 4, 5, 7, 8]",1
1456,pars,1474,"[1, 2, 4, 5, 7, 8]",1
1457,pars,1475,"[1, 2, 4, 5, 7, 8]",1
1458,pars,1476,"[1, 2, 4, 5, 7, 8]",1
1459,pars,1477,"[1, 2, 4, 5, 7, 8]",1
1460,pars,1478,"[1, 2, 4, 5, 7, 8]",1
1461,pars,1479,"[1, 2, 4, 5, 7, 8]",1
1462,pars,1480,"[1, 2, 4, 5, 7, 8]",1
1463,pars,1481,"[1, 2, 4, 5, 7, 8]",1
1464,pars,1482,"[1, 2, 4, 5, 7, 8]",1
1465,pars,1483,"[1, 2, 4, 5, 7, 8]",1
1466,pars,1484,"[1, 2, 4, 5, 7, 8]",1
1467,pars,1485,"[1, 2, 4, 5, 7, 8]",1
1468,pars,1486,"[1, 2, 4, 5, 7, 8]",1
1469,pars,1487,"[1, 2, 4, 5, 7, 8]",1
1470,pars,1488,"[1, 2, 4, 5, 7, 8]",1
1471,pars,1489,"[1, 2, 4, 5, 7, 8]",1
1472,pars,1490,"[1, 2, 4, 5, 7, 8]",1
1473,pars,1491,"[1, 2, 4, 5, 7, 8]",1
1474,pars,1492,"[1, 2, 4, 5, 7, 8]",1
1475,pars,1493,"[1, 2, 4, 5, 7, 8]",1
1476,pars,1494,"[1, 2, 4, 5, 7, 8]",1
1477,pars,1495,"[1, 2, 4, 5, 7, 8]",1
1478,pars,1496,"[1, 2, 4, 5, 7, 8]",1
1479,pars,1497,"[1, 2, 4, 5, 7, 8]",1
1480,pars,1498,"[1, 2, 4, 5, 7, 8]",1
1481,pars,1499,"[1, 2, 4, 5, 7, 8]",1
1482,pars,1500,"[1, 2, 4, 5, 7, 8]",1
1483,pars,1501,"[1, 2, 4, 5, 7, 8]",1
1484,pars,1502,"[1, 2, 4, 5, 7, 8]",1
1485,pars,1503,"[1, 2, 4, 5, 7, 8]",1
1486,pars,1504,"[1, 2, 4, 5, 7, 8]",1
1487,pars,1505,"[1, 2, 4, 5, 7, 8]",1
1488,pars,1506,"[1, 2, 4, 5, 7, 8]",1
1489,pars,1507,"[1, 2, 4, 5, 7, 8]",1
1490,pars,1508,"[1, 2, 4, 5, 7, 8]",1
1491,pars,1509,"[1, 2, 4, 5, 7, 8]",1
1492,pars,1510,"[1, 2, 4, 5, 7, 8]",1
1493,pars,1511,"[1, 2, 4, 5, 7, 8]",1
1494,pars,1512,"[1, 2, 4, 5, 7, 8]",1
1495,pars,1513,"[1, 2, 4, 5, 7, 8]",1
1496,pars,1514,"[1, 2, 4, 5, 7, 8]",1
1497,pars,1515,"[1, 2, 4, 5, 7, 8]",1
1498,pars,1516,"[1, 2, 4, 5, 7, 8]",1
1499,pars,1517,"[1, 2, 4, 5, 7, 8]",1
1500,pars,1518,"[1, 2, 4, 5, 7, 8]",1
1501,pars,1519,"[1, 2, 4, 5, 7, 8]",1
1502,pars,1520,"[1, 2, 4, 5, 7, 8]",1
1503,pars,1521,"[1, 2, 4, 5, 7, 8]",1
1504,pars,1522,"[1, 2, 4, 5, 7, 8]",1
1505,pars,1523,"[1, 2, 4, 5, 7, 8]",1
1506,pars,1524,"[1, 2, 4, 5, 7, 8]",1
1507,pars,1525,"[1, 2, 4, 5, 7, 8]",1
1508,pars,1526,"[1, 2, 4, 5, 7, 8]",1
1509,pars,1527,"[1, 2, 4, 5, 7, 8]",1
1510,pars,1528,"[1, 2, 4, 5, 7, 8]",1
1511,pars,1529,"[1, 2, 4, 5, 7, 8]",1
1512,pars,1530,"[1, 2, 4, 5, 7, 8]",1
1513,pars,1531,"[1, 2, 4, 5, 7, 8]",1
1514,pars,1532,"[1, 2, 4, 5, 7, 8]",1
1515,pars,1533,"[1, 2, 4, 5, 7, 8]",1
1516,pars,1534,"[1, 2, 4, 5, 7, 8]",1
1517,pars,1535,"[1, 2, 4, 5, 7, 8]",1
1518,pars,1536,"[1, 2, 4, 5, 7, 8]",1
1519,pars,1537,"[1, 2, 4, 5, 7, 8]",1
1520,pars,1538,"[1, 2, 4, 5, 7, 8]",1
1521,pars,1539,"[1, 2, 4, 5, 7, 8]",1
1522,pars,1540,"[1, 2, 4, 5, 7, 8]",1
1523,pars,1541,"[1, 2, 4, 5, 7, 8]",1
1524,pars,1542,"[1, 2, 4, 5, 7, 8]",1
1525,pars,1543,"[1, 2, 4, 5, 7, 8]",1
1526,pars,1544,"[1, 2, 4, 5, 7, 8]",1
1527,pars,1545,"[1, 2, 4, 5, 7, 8]",1
1528,pars,1546,"[1, 2, 4, 5, 7, 8]",1
1529,pars,1547,"[1, 2, 4, 5, 7, 8]",1
1530,pars,1548,"[1, 2, 4, 5, 7, 8]",1
1531,pars,1549,"[1, 2, 4, 5, 7, 8]",1
1532,pars,1550,"[1, 2, 4, 5, 7, 8]",1
1533,pars,1551,"[1, 2, 4, 5, 7, 8]",1
1534,pars,1552,"[1, 2, 4, 5, 7, 8]",1
1535,pars,1553,"[1, 2, 4, 5, 7, 8]",1
1536,pars,1554,"[1, 2, 4, 5, 7, 8]",1
1537,pars,1555,"[1, 2, 4, 5, 7, 8]",1
1538,pars,1556,"[1, 2, 4, 5, 7, 8]",1
1539,pars,1557,"[1, 2, 4, 5, 7, 8]",1
1540,pars,1558,"[1, 2, 4, 5, 7, 8]",1
1541,pars,1559,"[1, 2, 4, 5, 7, 8]",1
1542,pars,1560,"[1, 2, 4, 5, 7, 8]",1
1543,pars,1561,"[1, 2, 4, 5, 7, 8]",1
1544,pars,1562,"[1, 2, 4, 5, 7, 8]",1
1545,pars,1563,"[1, 2, 4, 5, 7, 8]",1
1546,pars,1564,"[1, 2, 4, 5, 7, 8]",1
1547,pars,1565,"[1, 2, 4, 5, 7, 8]",1
1548,pars,1566,"[1, 2, 4, 5, 7, 8]",1
1549,pars,1567,"[1, 2, 4, 5, 7, 8]",1
1550,pars,1568,"[1, 2, 4, 5, 7, 8]",1
1551,pars,1569,"[1, 2, 4, 5, 7, 8]",1
1552,pars,1570,"[1, 2, 4, 5, 7, 8]",1
1553,pars,1571,"[1, 2, 4, 5, 7, 8]",1
1554,pars,1572,"[1, 2, 4, 5, 7, 8]",1
1555,pars,1573,"[1, 2, 4, 5, 7, 8]",1
1556,pars,1574,"[1, 2, 4, 5, 7, 8]",1
1557,pars,1575,"[1, 2, 4, 5, 7, 8]",1
1558,pars,1576,"[1, 2, 4, 5, 7, 8]",1
1559,pars,1577,"[1, 2, 4, 5, 7, 8]",1
1560,pars,1578,"[1, 2, 4, 5, 7, 8]",1
1561,pars,1579,"[1, 2, 4, 5, 7, 8]",1
1562,pars,1580,"[1, 2, 4, 5, 7, 8]",1
1563,pars,1581,"[1, 2, 4, 5, 7, 8]",1
1564,pars,1582,"[1, 2, 4, 5, 7, 8]",1
1565,pars,1583,"[1, 2, 4, 5, 7, 8]",1
1566,pars,1584,"[1, 2, 4, 5, 7, 8]",1
1567,pars,1585,"[1, 2, 4, 5, 7, 8]",1
1568,pars,1586,"[1, 2, 4, 5, 7, 8]",1
1569,pars,1587,"[1, 2, 4, 5, 7, 8]",1
1570,pars,1588,"[1, 2, 4, 5, 7, 8]",1
1571,pars,1589,"[1, 2, 4, 5, 7, 8]",1
1572,pars,1590,"[1, 2, 4, 5, 7, 8]",1
1573,pars,1591,"[1, 2, 4, 5, 7, 8]",1
1574,pars,1592,"[1, 2, 4, 5, 7, 8]",1
1575,pars,1593,"[1, 2, 4, 5, 7, 8]",1
1576,pars,1594,"[1, 2, 4, 5, 7, 8]",1
1577,pars,1595,"[1, 2, 4, 5, 7, 8]",1
1578,pars,1596,"[1, 2, 4, 5, 7, 8]",1
1579,pars,1597,"[1, 2, 4, 5, 7, 8]",1
1580,pars,1598,"[1, 2, 4, 5, 7, 8]",1
1581,pars,1599,"[1, 2, 4, 5, 7, 8]",1
1582,pars,1600,"[1, 2, 4, 5, 7, 8]",1
1583,pars,1601,"[1, 2, 4, 5, 7, 8]",1
1584,pars,1602,"[1, 2, 4, 5, 7, 8]",1
1585,pars,1603,"[1, 2, 4, 5, 7, 8]",1
1586,pars,1604,"[1, 2, 4, 5, 7, 8]",1
1587,pars,1605,"[1, 2, 4, 5, 7, 8]",1
1588,pars,1606,"[1, 2, 4, 5, 7, 8]",1
1589,pars,1607,"[1, 2, 4, 5, 7, 8]",1
1590,pars,1608,"[1, 2, 4, 5, 7, 8]",1
1591,pars,1609,"[1, 2, 4, 5, 7, 8]",1
1592,pars,1610,"[1, 2, 4, 5, 7, 8]",1
1593,pars,1611,"[1, 2, 4, 5, 7, 8]",1
1594,pars,1612,"[1, 2, 4, 5, 7, 8]",1
1595,pars,1613,"[1, 2, 4, 5, 7, 8]",1
1596,pars,1614,"[1, 2, 4, 5, 7, 8]",1
1597,pars,1615,"[1, 2, 4, 5, 7, 8]",1
1598,pars,1616,"[1, 2, 4, 5, 7, 8]",1
1599,pars,1617,"[1, 2, 4, 5, 7, 8]",1
1600,pars,1618,"[1, 2, 4, 5, 7, 8]",1
1601,pars,1619,"[1, 2, 4, 5, 7, 8]",1
1602,pars,1620,"[1, 2, 4, 5, 7, 8]",1
1603,pars,1621,"[1, 2, 4, 5, 7, 8]",1
1604,pars,1622,"[1, 2, 4, 5, 7, 8]",1
1605,pars,1623,"[1, 2, 4, 5, 7, 8]",1
1606,pars,1624,"[1, 2, 4, 5, 7, 8]",1
1607,pars,1625,"[1, 2, 4, 5, 7, 8]",1
1608,pars,1626,"[1, 2, 4, 5, 7, 8]",1
1609,pars,1627,"[1, 2, 4, 5, 7, 8]",1
1610,pars,1628,"[1, 2, 4, 5, 7, 8]",1
1611,pars,1629,"[1, 2, 4, 5, 7, 8]",1
1612,pars,1630,"[1, 2, 4, 5, 7, 8]",1
1613,pars,1631,"[1, 2, 4, 5, 7, 8]",1
1614,pars,1632,"[1, 2, 4, 5, 7, 8]",1
1615,pars,1633,"[1, 2, 4, 5, 7, 8]",1
1616,pars,1634,"[1, 2, 4, 5, 7, 8]",1
1617,pars,1635,"[1, 2, 4, 5, 7, 8]",1
1618,pars,1636,"[1, 2, 4, 5, 7, 8]",1
1619,pars,1637,"[1, 2, 4, 5, 7, 8]",1
1620,pars,1638,"[1, 2, 4, 5, 7, 8]",1
1621,pars,1639,"[1, 2, 4, 5, 7, 8]",1
1622,pars,1640,"[1, 2, 4, 5, 7, 8]",1
1623,pars,1641,"[1, 2, 4, 5, 7, 8]",1
1624,pars,1642,"[1, 2, 4, 5, 7, 8]",1
1625,pars,1643,"[1, 2, 4, 5, 7, 8]",1
1626,pars,1644,"[1, 2, 4, 5, 7, 8]",1
1627,pars,1645,"[1, 2, 4, 5, 7, 8]",1
1628,pars,1646,"[1, 2, 4, 5, 7, 8]",1
1629,pars,1647,"[1, 2, 4, 5, 7, 8]",1
1630,pars,1648,"[1, 2, 4, 5, 7, 8]",1
1631,pars,1649,"[1, 2, 4, 5, 7, 8]",1
1632,pars,1650,"[1, 2, 4, 5, 7, 8]",1
1633,pars,1651,"[1, 2, 4, 5, 7, 8]",1
1634,pars,1652,"[1, 2, 4, 5, 7, 8]",1
1635,pars,1653,"[1, 2, 4, 5, 7, 8]",1
1636,pars,1654,"[1, 2, 4, 5, 7, 8]",1
1637,pars,1655,"[1, 2, 4, 5, 7, 8]",1
1638,pars,1656,"[1, 2, 4, 5, 7, 8]",1
1639,pars,1657,"[1, 2, 4, 5, 7, 8]",1
1640,pars,1658,"[1, 2, 4, 5, 7, 8]",1
1641,pars,1659,"[1, 2, 4, 5, 7, 8]",1
1642,pars,1660,"[1, 2, 4, 5, 7, 8]",1
1643,pars,1661,"[1, 2, 4, 5, 7, 8]",1
1644,pars,1662,"[1, 2, 4, 5, 7, 8]",1
1645,pars,1663,"[1, 2, 4, 5, 7, 8]",1
1646,pars,1664,"[1, 2, 4, 5, 7, 8]",1
1647,pars,1665,"[1, 2, 4, 5, 7, 8]",1
1648,pars,1666,"[1, 2, 4, 5, 7, 8]",1
1649,pars,1667,"[1, 2, 4, 5, 7, 8]",1
1650,pars,1668,"[1, 2, 4, 5, 7, 8]",1
1651,pars,1669,"[1, 2, 4, 5, 7, 8]",1
1652,pars,1670,"[1, 2, 4, 5, 7, 8]",1
1653,pars,1671,"[1, 2, 4, 5, 7, 8]",1
1654,pars,1672,"[1, 2, 4, 5, 7, 8]",1
1655,pars,1673,"[1, 2, 4, 5, 7, 8]",1
1656,pars,1674,"[1, 2, 4, 5, 7, 8]",1
1657,pars,1675,"[1, 2, 4, 5, 7, 8]",1
1658,pars,1676,"[1, 2, 4, 5, 7, 8]",1
1659,pars,1677,"[1, 2, 4, 5, 7, 8]",1
1660,pars,1678,"[1, 2, 4, 5, 7, 8]",1
1661,pars,1679,"[1, 2, 4, 5, 7, 8]",1
1662,pars,1680,"[1, 2, 4, 5, 7, 8]",1
1663,pars,1681,"[1, 2, 4, 5, 7, 8]",1
1664,pars,1682,"[1, 2, 4, 5, 7, 8]",1
1665,pars,1683,"[1, 2, 4, 5, 7, 8]",1
1666,pars,1684,"[1, 2, 4, 5, 7, 8]",1
1667,pars,1685,"[1, 2, 4, 5, 7, 8]",1
1668,pars,1686,"[1, 2, 4, 5, 7, 8]",1
1669,pars,1687,"[1, 2, 4, 5, 7, 8]",1
1670,pars,1688,"[1, 2, 4, 5, 7, 8]",1
1671,pars,1689,"[1, 2, 4, 5, 7, 8]",1
1672,pars,1690,"[1, 2, 4, 5, 7, 8]",1
1673,pars,1691,"[1, 2, 4, 5, 7, 8]",1
1674,pars,1692,"[1, 2, 4, 5, 7, 8]",1
1675,pars,1693,"[1, 2, 4, 5, 7, 8]",1
1676,pars,1694,"[1, 2, 4, 5, 7, 8]",1
1677,pars,1695,"[1, 2, 4, 5, 7, 8]",1
1678,pars,1696,"[1, 2, 4, 5, 7, 8]",1
1679,pars,1697,"[1, 2, 4, 5, 7, 8]",1
1680,pars,1698,"[1, 2, 4, 5, 7, 8]",1
1681,pars,1699,"[1, 2, 4, 5, 7, 8]",1
1682,pars,1700,"[1, 2, 4, 5, 7, 8]",1
1683,pars,1701,"[1, 2, 4, 5, 7, 8]",1
1684,pars,1702,"[1, 2, 4, 5, 7, 8]",1
1685,pars,1703,"[1, 2, 4, 5, 7, 8]",1
1686,pars,1704,"[1, 2, 4, 5, 7, 8]",1
1687,pars,1705,"[1, 2, 4, 5, 7, 8]",1
1688,pars,1706,"[1, 2, 4, 5, 7, 8]",1
1689,pars,1707,"[1, 2, 4, 5, 7, 8]",1
1690,pars,1708,"[1, 2, 4, 5, 7, 8]",1
1691,pars,1709,"[1, 2, 4, 5, 7, 8]",1
1692,pars,1710,"[1, 2, 4, 5, 7, 8]",1
1693,pars,1711,"[1, 2, 4, 5, 7, 8]",1
1694,pars,1712,"[1, 2, 4, 5, 7, 8]",1
1695,pars,1713,"[1, 2, 4, 5, 7, 8]",1
1696,pars,1714,"[1, 2, 4, 5, 7, 8]",1
1697,pars,1715,"[1, 2, 4, 5, 7, 8]",1
1698,pars,1716,"[1, 2, 4, 5, 7, 8]",1
1699,pars,1717,"[1, 2, 4, 5, 7, 8]",1
1700,pars,1718,"[1, 2, 4, 5, 7, 8]",1
1701,pars,1719,"[1, 2, 4, 5, 7, 8]",1
1702,pars,1720,"[1, 2, 4, 5, 7, 8]",1
1703,pars,1721,"[1, 2, 4, 5, 7, 8]",1
1704,pars,1722,"[1, 2, 4, 5, 7, 8]",1
1705,pars,1723,"[1, 2, 4, 5, 7, 8]",1
1706,pars,1724,"[1, 2, 4, 5, 7, 8]",1
1707,pars,1725,"[1, 2, 4, 5, 7, 8]",1
1708,pars,1726,"[1, 2, 4, 5, 7, 8]",1
1709,pars,1727,"[1, 2, 4, 5, 7, 8]",1
1710,pars,1728,"[1, 2, 4, 5, 7, 8]",1
1711,pars,1729,"[1, 2, 4, 5, 7, 8]",1
1712,pars,1730,"[1, 2, 4, 5, 7, 8]",1
1713,pars,1731,"[1, 2, 4, 5, 7, 8]",1
1714,pars,1732,"[1, 2, 4, 5, 7, 8]",1
1715,pars,1733,"[1, 2, 4, 5, 7, 8]",1
1716,pars,1734,"[1, 2, 4, 5, 7, 8]",1
1717,pars,1735,"[1, 2, 4, 5, 7, 8]",1
1718,pars,1736,"[1, 2, 4, 5, 7, 8]",1
1719,pars,1737,"[1, 2, 4, 5, 7, 8]",1
1720,pars,1738,"[1, 2, 4, 5, 7, 8]",1
1721,pars,1739,"[1, 2, 4, 5, 7, 8]",1
1722,pars,1740,"[1, 2, 4, 5, 7, 8]",1
1723,pars,1741,"[1, 2, 4, 5, 7, 8]",1
1724,pars,1742,"[1, 2, 4, 5, 7, 8]",1
1725,pars,1743,"[1, 2, 4, 5, 7, 8]",1
1726,pars,1744,"[1, 2, 4, 5, 7, 8]",1
1727,pars,1745,"[1, 2, 4, 5, 7, 8]",1
1728,pars,1746,"[1, 2, 4, 5, 7, 8]",1
1729,pars,1747,"[1, 2, 4, 5, 7, 8]",1
1730,pars,1748,"[1, 2, 4, 5, 7, 8]",1
1731,pars,1749,"[1, 2, 4, 5, 7, 8]",1
1732,pars,1750,"[1, 2, 4, 5, 7, 8]",1
1733,pars,1751,"[1, 2, 4, 5, 7, 8]",1
1734,pars,1752,"[1, 2, 4, 5, 7, 8]",1
1735,pars,1753,"[1, 2, 4, 5, 7, 8]",1
1736,pars,1754,"[1, 2, 4, 5, 7, 8]",1
1737,pars,1755,"[1, 2, 4, 5, 7, 8]",1
1738,pars,1756,"[1, 2, 4, 5, 7, 8]",1
1739,pars,1757,"[1, 2, 4, 5, 7, 8]",1
1740,pars,1758,"[1, 2, 4, 5, 7, 8]",1
1741,pars,1759,"[1, 2, 4, 5, 7, 8]",1
1742,pars,1760,"[1, 2, 4, 5, 7, 8]",1
1743,pars,1761,"[1, 2, 4, 5, 7, 8]",1
1744,pars,1762,"[1, 2, 4, 5, 7, 8]",1
1745,pars,1763,"[1, 2, 4, 5, 7, 8]",1
1746,pars,1764,"[1, 2, 4, 5, 7, 8]",1
1747,pars,1765,"[1, 2, 4, 5, 7, 8]",1
1748,pars,1766,"[1, 2, 4, 5, 7, 8]",1
1749,pars,1767,"[1, 2, 4, 5, 7, 8]",1
1750,pars,1768,"[1, 2, 4, 5, 7, 8]",1
1751,pars,1769,"[1, 2, 4, 5, 7, 8]",1
1752,pars,1770,"[1, 2, 4, 5, 7, 8]",1
1753,pars,1771,"[1, 2, 4, 5, 7, 8]",1
1754,pars,1772,"[1, 2, 4, 5, 7, 8]",1
1755,pars,1773,"[1, 2, 4, 5, 7, 8]",1
1756,pars,1774,"[1, 2, 4, 5, 7, 8]",1
1757,pars,1775,"[1, 2, 4, 5, 7, 8]",1
1758,pars,1776,"[1, 2, 4, 5, 7, 8]",1
1759,pars,1777,"[1, 2, 4, 5, 7, 8]",1
1760,pars,1778,"[1, 2, 4, 5, 7, 8]",1
1761,pars,1779,"[1, 2, 4, 5, 7, 8]",1
1762,pars,1780,"[1, 2, 4, 5, 7, 8]",1
1763,pars,1781,"[1, 2, 4, 5, 7, 8]",1
1764,pars,1782,"[1, 2, 4, 5, 7, 8]",1
1765,pars,1783,"[1, 2, 4, 5, 7, 8]",1
1766,pars,1784,"[1, 2, 4, 5, 7, 8]",1
1767,pars,1785,"[1, 2, 4, 5, 7, 8]",1
1768,pars,1786,"[1, 2, 4, 5, 7, 8]",1
1769,pars,1787,"[1, 2, 4, 5, 7, 8]",1
1770,pars,1788,"[1, 2, 4, 5, 7, 8]",1
1771,pars,1789,"[1, 2, 4, 5, 7, 8]",1
1772,pars,1790,"[1, 2, 4, 5, 7, 8]",1
1773,pars,1791,"[1, 2, 4, 5, 7, 8]",1
1774,pars,1792,"[1, 2, 4, 5, 7, 8]",1
1775,pars,1793,"[1, 2, 4, 5, 7, 8]",1
1776,pars,1794,"[1, 2, 4, 5, 7, 8]",1
1777,pars,1795,"[1, 2, 4, 5, 7, 8]",1
1778,pars,1796,"[1, 2, 4, 5, 7, 8]",1
1779,pars,1797,"[1, 2, 4, 5, 7, 8]",1
1780,pars,1798,"[1, 2, 4, 5, 7, 8]",1
1781,pars,1799,"[1, 2, 4, 5, 7, 8]",1
1782,pars,1800,"[1, 2, 4, 5, 7, 8]",1
1783,pars,1801,"[1, 2, 4, 5, 7, 8]",1
1784,pars,1802,"[1, 2, 4, 5, 7, 8]",1
1785,pars,1803,"[1, 2, 4, 5, 7, 8]",1
1786,pars,1804,"[1, 2, 4, 5, 7, 8]",1
1787,pars,1805,"[1, 2, 4, 5, 7, 8]",1
1788,pars,1806,"[1, 2, 4, 5, 7, 8]",1
1789,pars,1807,"[1, 2, 4, 5, 7, 8]",1
1790,pars,1808,"[1, 2, 4, 5, 7, 8]",1
1791,pars,1809,"[1, 2, 4, 5, 7, 8]",1
1792,pars,1810,"[1, 2, 4, 5, 7, 8]",1
1793,pars,1811,"[1, 2, 4, 5, 7, 8]",1
1794,pars,1812,"[1, 2, 4, 5, 7, 8]",1
1795,pars,1813,"[1, 2, 4, 5, 7, 8]",1
1796,pars,1814,"[1, 2, 4, 5, 7, 8]",1
1797,pars,1815,"[1, 2, 4, 5, 7, 8]",1
1798,pars,1816,"[1, 2, 4, 5, 7, 8]",1
1799,pars,1817,"[1, 2, 4, 5, 7, 8]",1
1800,pars,1818,"[1, 2, 4, 5, 7, 8]",1
1801,pars,1819,"[1, 2, 4, 5, 7, 8]",1
1802,pars,1820,"[1, 2, 4, 5, 7, 8]",1
1803,pars,1821,"[1, 2, 4, 5, 7, 8]",1
1804,pars,1822,"[1, 2, 4, 5, 7, 8]",1
1805,pars,1823,"[1, 2, 4, 5, 7, 8]",1
1806,pars,1824,"[1, 2, 4, 5, 7, 8]",1
1807,pars,1825,"[1, 2, 4, 5, 7, 8]",1
1808,pars,1826,"[1, 2, 4, 5, 7, 8]",1
1809,pars,1827,"[1, 2, 4, 5, 7, 8]",1
1810,pars,1828,"[1, 2, 4, 5, 7, 8]",1
1811,pars,1829,"[1, 2, 4, 5, 7, 8]",1
1812,pars,1830,"[1, 2, 4, 5, 7, 8]",1
1813,pars,1831,"[1, 2, 4, 5, 7, 8]",1
1814,pars,1832,"[1, 2, 4, 5, 7, 8]",1
1815,pars,1833,"[1, 2, 4, 5, 7, 8]",1
1816,pars,1834,"[1, 2, 4, 5, 7, 8]",1
1817,pars,1835,"[1, 2, 4, 5, 7, 8]",1
1818,pars,1836,"[1, 2, 4, 5, 7, 8]",1
1819,pars,1837,"[1, 2, 4, 5, 7, 8]",1
1820,pars,1838,"[1, 2, 4, 5, 7, 8]",1
1821,pars,1839,"[1, 2, 4, 5, 7, 8]",1
1822,pars,1840,"[1, 2, 4, 5, 7, 8]",1
1823,pars,1841,"[1, 2, 4, 5, 7, 8]",1
1824,pars,1842,"[1, 2, 4, 5, 7, 8]",1
1825,pars,1843,"[1, 2, 4, 5, 7, 8]",1
1826,pars,1844,"[1, 2, 4, 5, 7, 8]",1
1827,pars,1845,"[1, 2, 4, 5, 7, 8]",1
1828,pars,1846,"[1, 2, 4, 5, 7, 8]",1
1829,pars,1847,"[1, 2, 4, 5, 7, 8]",1
1830,pars,1848,"[1, 2, 4, 5, 7, 8]",1
1831,pars,1849,"[1, 2, 4, 5, 7, 8]",1
1832,pars,1850,"[1, 2, 4, 5, 7, 8]",1
1833,pars,1851,"[1, 2, 4, 5, 7, 8]",1
1834,pars,1852,"[1, 2, 4, 5, 7, 8]",1
1835,pars,1853,"[1, 2, 4, 5, 7, 8]",1
1836,pars,1854,"[1, 2, 4, 5, 7, 8]",1
1837,pars,1855,"[1, 2, 4, 5, 7, 8]",1
1838,pars,1856,"[1, 2, 4, 5, 7, 8]",1
1839,pars,1857,"[1, 2, 4, 5, 7, 8]",1
1840,pars,1858,"[1, 2, 4, 5, 7, 8]",1
1841,pars,1859,"[1, 2, 4, 5, 7, 8]",1
1842,pars,1860,"[1, 2, 4, 5, 7, 8]",1
1843,pars,1861,"[1, 2, 4, 5, 7, 8]",1
1844,pars,1862,"[1, 2, 4, 5, 7, 8]",1
1845,pars,1863,"[1, 2, 4, 5, 7, 8]",1
1846,pars,1864,"[1, 2, 4, 5, 7, 8]",1
1847,pars,1865,"[1, 2, 4, 5, 7, 8]",1
1848,pars,1866,"[1, 2, 4, 5, 7, 8]",1
1849,pars,1867,"[1, 2, 4, 5, 7, 8]",1
1850,pars,1868,"[1, 2, 4, 5, 7, 8]",1
1851,pars,1869,"[1, 2, 4, 5, 7, 8]",1
1852,pars,1870,"[1, 2, 4, 5, 7, 8]",1
1853,pars,1871,"[1, 2, 4, 5, 7, 8]",1
1854,pars,1872,"[1, 2, 4, 5, 7, 8]",1
1855,pars,1873,"[1, 2, 4, 5, 7, 8]",1
1856,pars,1874,"[1, 2, 4, 5, 7, 8]",1
1857,pars,1875,"[1, 2, 4, 5, 7, 8]",1
1858,pars,1876,"[1, 2, 4, 5, 7, 8]",1
1859,pars,1877,"[1, 2, 4, 5, 7, 8]",1
1860,pars,1878,"[1, 2, 4, 5, 7, 8]",1
1861,pars,1879,"[1, 2, 4, 5, 7, 8]",1
1862,pars,1880,"[1, 2, 4, 5, 7, 8]",1
1863,pars,1881,"[1, 2, 4, 5, 7, 8]",1
1864,pars,1882,"[1, 2, 4, 5, 7, 8]",1
1865,pars,1883,"[1, 2, 4, 5, 7, 8]",1
1866,pars,1884,"[1, 2, 4, 5, 7, 8]",1
1867,pars,1885,"[1, 2, 4, 5, 7, 8]",1
1868,pars,1886,"[1, 2, 4, 5, 7, 8]",1
1869,pars,1887,"[1, 2, 4, 5, 7, 8]",1
1870,pars,1888,"[1, 2, 4, 5, 7, 8]",1
1871,pars,1889,"[1, 2, 4, 5, 7, 8]",1
1872,pars,1890,"[1, 2, 4, 5, 7, 8]",1
1873,pars,1891,"[1, 2, 4, 5, 7, 8]",1
1874,pars,1892,"[1, 2, 4, 5, 7, 8]",1
1875,pars,1893,"[1, 2, 4, 5, 7, 8]",1
1876,pars,1894,"[1, 2, 4, 5, 7, 8]",1
1877,pars,1895,"[1, 2, 4, 5, 7, 8]",1
1878,pars,1896,"[1, 2, 4, 5, 7, 8]",1
1879,pars,1897,"[1, 2, 4, 5, 7, 8]",1
1880,pars,1898,"[1, 2, 4, 5, 7, 8]",1
1881,pars,1899,"[1, 2, 4, 5, 7, 8]",1
1882,pars,1900,"[1, 2, 4, 5, 7, 8]",1
1883,pars,1901,"[1, 2, 4, 5, 7, 8]",1
1884,pars,1902,"[1, 2, 4, 5, 7, 8]",1
1885,pars,1903,"[1, 2, 4, 5, 7, 8]",1
1886,pars,1904,"[1, 2, 4, 5, 7, 8]",1
1887,pars,1905,"[1, 2, 4, 5, 7, 8]",1
1888,pars,1906,"[1, 2, 4, 5, 7, 8]",1
1889,pars,1907,"[1, 2, 4, 5, 7, 8]",1
1890,pars,1908,"[1, 2, 4, 5, 7, 8]",1
1891,pars,1909,"[1, 2, 4, 5, 7, 8]",1
1892,pars,1910,"[1, 2, 4, 5, 7, 8]",1
1893,pars,1911,"[1, 2, 4, 5, 7, 8]",1
1894,pars,1912,"[1, 2, 4, 5, 7, 8]",1
1895,pars,1913,"[1, 2, 4, 5, 7, 8]",1
1896,pars,1914,"[1, 2, 4, 5, 7, 8]",1
1897,pars,1915,"[1, 2, 4, 5, 7, 8]",1
1898,pars,1916,"[1, 2, 4, 5, 7, 8]",1
1899,pars,1917,"[1, 2, 4, 5, 7, 8]",1
1900,pars,1918,"[1, 2, 4, 5, 7, 8]",1
1901,pars,1919,"[1, 2, 4, 5, 7, 8]",1
1902,pars,1920,"[1, 2, 4, 5, 7, 8]",1
1903,pars,1921,"[1, 2, 4, 5, 7, 8]",1
1904,pars,1922,"[1, 2, 4, 5, 7, 8]",1
1905,pars,1923,"[1, 2, 4, 5, 7, 8]",1
1906,pars,1924,"[1, 2, 4, 5, 7, 8]",1
1907,pars,1925,"[1, 2, 4, 5, 7, 8]",1
1908,pars,1926,"[1, 2, 4, 5, 7, 8]",1
1909,pars,1927,"[1, 2, 4, 5, 7, 8]",1
1910,pars,1928,"[1, 2, 4, 5, 7, 8]",1
1911,pars,1929,"[1, 2, 4, 5, 7, 8]",1
1912,pars,1930,"[1, 2, 4, 5, 7, 8]",1
1913,pars,1931,"[1, 2, 4, 5, 7, 8]",1
1914,pars,1932,"[1, 2, 4, 5, 7, 8]",1
1915,pars,1933,"[1, 2, 4, 5, 7, 8]",1
1916,pars,1934,"[1, 2, 4, 5, 7, 8]",1
1917,pars,1935,"[1, 2, 4, 5, 7, 8]",1
1918,pars,1936,"[1, 2, 4, 5, 7, 8]",1
1919,pars,1937,"[1, 2, 4, 5, 7, 8]",1
1920,pars,1938,"[1, 2, 4, 5, 7, 8]",1
1921,pars,1939,"[1, 2, 4, 5, 7, 8]",1
1922,pars,1940,"[1, 2, 4, 5, 7, 8]",1
1923,pars,1941,"[1, 2, 4, 5, 7, 8]",1
1924,pars,1942,"[1, 2, 4, 5, 7, 8]",1
1925,pars,1943,"[1, 2, 4, 5, 7, 8]",1
1926,pars,1944,"[1, 2, 4, 5, 7, 8]",1
1927,pars,1945,"[1, 2, 4, 5, 7, 8]",1
1928,pars,1946,"[1, 2, 4, 5, 7, 8]",1
1929,pars,1947,"[1, 2, 4, 5, 7, 8]",1
1930,pars,1948,"[1, 2, 4, 5, 7, 8]",1
1931,pars,1949,"[1, 2, 4, 5, 7, 8]",1
1932,pars,1950,"[1, 2, 4, 5, 7, 8]",1
1933,pars,1951,"[1, 2, 4, 5, 7, 8]",1
1934,pars,1952,"[1, 2, 4, 5, 7, 8]",1
1935,pars,1953,"[1, 2, 4, 5, 7, 8]",1
1936,pars,1954,"[1, 2, 4, 5, 7, 8]",1
1937,pars,1955,"[1, 2, 4, 5, 7, 8]",1
1938,pars,1956,"[1, 2, 4, 5, 7, 8]",1
1939,pars,1957,"[1, 2, 4, 5, 7, 8]",1
1940,pars,1958,"[1, 2, 4, 5, 7, 8]",1
1941,pars,1959,"[1, 2, 4, 5, 7, 8]",1
1942,pars,1960,"[1, 2, 4, 5, 7, 8]",1
1943,pars,1961,"[1, 2, 4, 5, 7, 8]",1
1944,pars,1962,"[1, 2, 4, 5, 7, 8]",1
1945,pars,1963,"[1, 2, 4, 5, 7, 8]",1
1946,pars,1964,"[1, 2, 4, 5, 7, 8]",1
1947,pars,1965,"[1, 2, 4, 5, 7, 8]",1
1948,pars,1966,"[1, 2, 4, 5, 7, 8]",1
1949,pars,1967,"[1, 2, 4, 5, 7, 8]",1
1950,pars,1968,"[1, 2, 4, 5, 7, 8]",1
1951,pars,1969,"[1, 2, 4, 5, 7, 8]",1
1952,pars,1970,"[1, 2, 4, 5, 7, 8]",1
1953,pars,1971,"[1, 2, 4, 5, 7, 8]",1
1954,pars,1972,"[1, 2, 4, 5, 7, 8]",1
1955,pars,1973,"[1, 2, 4, 5, 7, 8]",1
1956,pars,1974,"[1, 2, 4, 5, 7, 8]",1
1957,pars,1975,"[1, 2, 4, 5, 7, 8]",1
1958,pars,1976,"[1, 2, 4, 5, 7, 8]",1
1959,pars,1977,"[1, 2, 4, 5, 7, 8]",1
1960,pars,1978,"[1, 2, 4, 5, 7, 8]",1
1961,pars,1979,"[1, 2, 4, 5, 7, 8]",1
1962,pars,1980,"[1, 2, 4, 5, 7, 8]",1
1963,pars,1981,"[1, 2, 4, 5, 7, 8]",1
1964,pars,1982,"[1, 2, 4, 5, 7, 8]",1
1965,pars,1983,"[1, 2, 4, 5, 7, 8]",1
1966,pars,1984,"[1, 2, 4, 5, 7, 8]",1
1967,pars,1985,"[1, 2, 4, 5, 7, 8]",1
1968,pars,1986,"[1, 2, 4, 5, 7, 8]",1
1969,pars,1987,"[1, 2, 4, 5, 7, 8]",1
1970,pars,1988,"[1, 2, 4, 5, 7, 8]",1
1971,pars,1989,"[1, 2, 4, 5, 7, 8]",1
1972,pars,1990,"[1, 2, 4, 5, 7, 8]",1
1973,pars,1991,"[1, 2, 4, 5, 7, 8]",1
1974,pars,1992,"[1, 2, 4, 5, 7, 8]",1
1975,pars,1993,"[1, 2, 4, 5, 7, 8]",1
1976,pars,1994,"[1, 2, 4, 5, 7, 8]",1
1977,pars,1995,"[1, 2, 4, 5, 7, 8]",1
1978,pars,1996,"[1, 2, 4, 5, 7, 8]",1
1979,pars,1997,"[1, 2, 4, 5, 7, 8]",1
1980,pars,1998,"[1, 2, 4, 5, 7, 8]",1
1981,pars,1999,"[1, 2, 4, 5, 7, 8]",1
1982,pars,2000,"[1, 2, 4, 5, 7, 8]",1
1983,pars,2001,"[1, 2, 4, 5, 7, 8]",1
1984,pars,2002,"[1, 2, 4, 5, 7, 8]",1
1985,pars,2003,"[1, 2, 4, 5, 7, 8]",1
1986,pars,2004,"[1, 2, 4, 5, 7, 8]",1
1987,pars,2005,"[1, 2, 4, 5, 7, 8]",1
1988,pars,2006,"[1, 2, 4, 5, 7, 8]",1
1989,pars,2007,"[1, 2, 4, 5, 7, 8]",1
1990,pars,2008,"[1, 2, 4, 5, 7, 8]",1
1991,pars,2009,"[1, 2, 4, 5, 7, 8]",1
1992,pars,2010,"[1, 2, 4, 5, 7, 8]",1
1993,pars,2011,"[1, 2, 4, 5, 7, 8]",1
1994,pars,2012,"[1, 2, 4, 5, 7, 8]",1
1995,pars,2013,"[1, 2, 4, 5, 7, 8]",1
1996,pars,2014,"[1, 2, 4, 5, 7, 8]",1
1997,pars,2015,"[1, 2, 4, 5, 7, 8]",1
1998,pars,2016,"[1, 2, 4, 5, 7, 8]",1
1999,pars,2017,"[1, 2, 4, 5, 7, 8]",1
2000,pars,2018,"[1, 2, 4, 5, 7, 8]",1
2001,pars,2019,"[1, 2, 4, 5, 7, 8]",1
2002,pars,2020,"[1, 2, 4, 5, 7, 8]",1
2003,pars,2021,"[1, 2, 4, 5, 7, 8]",1
2004,pars,2022,"[1, 2, 4, 5, 7, 8]",1
2005,pars,2023,"[1, 2, 4, 5, 7, 8]",1
2006,pars,2024,"[1, 2, 4, 5, 7, 8]",1
2007,pars,2025,"[1, 2, 4, 5, 7, 8]",1
2008,pars,2026,"[1, 2, 4, 5, 7, 8]",1
2009,pars,2027,"[1, 2, 4, 5, 7, 8]",1
2010,pars,2028,"[1, 2, 4, 5, 7, 8]",1
2011,pars,2029,"[1, 2, 4, 5, 7, 8]",1
2012,pars,2030,"[1, 2, 4, 5, 7, 8]",1
2013,pars,2031,"[1, 2, 4, 5, 7, 8]",1
2014,pars,2032,"[1, 2, 4, 5, 7, 8]",1
2015,pars,2033,"[1, 2, 4, 5, 7, 8]",1
2016,pars,2034,"[1, 2, 4, 5, 7, 8]",1
2017,pars,2035,"[1, 2, 4, 5, 7, 8]",1
2018,pars,2036,"[1, 2, 4, 5, 7, 8]",1
2019,pars,2037,"[1, 2, 4, 5, 7, 8]",1
2020,pars,2038,"[1, 2, 4, 5, 7, 8]",1
2021,pars,2039,"[1, 2, 4, 5, 7, 8]",1
2022,pars,2040,"[1, 2, 4, 5, 7, 8]",1
2023,pars,2041,"[1, 2, 4, 5, 7, 8]",1
2024,pars,2042,"[1, 2, 4, 5, 7, 8]",1
2025,pars,2043,"[1, 2, 4, 5, 7, 8]",1
2026,pars,2044,"[1, 2, 4, 5, 7, 8]",1
2027,pars,2045,"[1, 2, 4, 5, 7, 8]",1
2028,pars,2046,"[1, 2, 4, 5, 7, 8]",1
2029,pars,2047,"[1, 2, 4, 5, 7, 8]",1
2030,pars,2048,"[1, 2, 4, 5, 7, 8]",1
2031,pars,2049,"[1, 2, 4, 5, 7, 8]",1
2032,pars,2050,"[1, 2, 4, 5, 7, 8]",1
2033,pars,2051,"[1, 2, 4, 5, 7, 8]",1
2034,pars,2052,"[1, 2, 4, 5, 7, 8]",1
2035,pars,2053,"[1, 2, 4, 5, 7, 8]",1
2036,pars,2054,"[1, 2, 4, 5, 7, 8]",1
2037,pars,2055,"[1, 2, 4, 5, 7, 8]",1
2038,pars,2056,"[1, 2, 4, 5, 7, 8]",1
2039,pars,2057,"[1, 2, 4, 5, 7, 8]",1
2040,pars,2058,"[1, 2, 4, 5, 7, 8]",1
2041,pars,2059,"[1, 2, 4, 5, 7, 8]",1
2042,pars,2060,"[1, 2, 4, 5, 7, 8]",1
2043,pars,2061,"[1, 2, 4, 5, 7, 8]",1
2044,pars,2062,"[1, 2, 4, 5, 7, 8]",1
2045,pars,2063,"[1, 2, 4, 5, 7, 8]",1
2046,pars,2064,"[1, 2, 4, 5, 7, 8]",1
2047,pars,2065,"[1, 2, 4, 5, 7, 8]",1
2048,pars,2066,"[1, 2, 4, 5, 7, 8]",1
2049,pars,2067,"[1, 2, 4, 5, 7, 8]",1
2050,pars,2068,"[1, 2, 4, 5, 7, 8]",1
2051,pars,2069,"[1, 2, 4, 5, 7, 8]",1
2052,pars,2070,"[1, 2, 4, 5, 7, 8]",1
2053,pars,2071,"[1, 2, 4, 5, 7, 8]",1
2054,pars,2072,"[1, 2, 4, 5, 7, 8]",1
2055,pars,2073,"[1, 2, 4, 5, 7, 8]",1
2056,pars,2074,"[1, 2, 4, 5, 7, 8]",1
2057,pars,2075,"[1, 2, 4, 5, 7, 8]",1
2058,pars,2076,"[1, 2, 4, 5, 7, 8]",1
2059,pars,2077,"[1, 2, 4, 5, 7, 8]",1
2060,pars,2078,"[1, 2, 4, 5, 7, 8]",1
2061,pars,2079,"[1, 2, 4, 5, 7, 8]",1
2062,pars,2080,"[1, 2, 4, 5, 7, 8]",1
2063,pars,2081,"[1, 2, 4, 5, 7, 8]",1
2064,pars,2082,"[1, 2, 4, 5, 7, 8]",1
2065,pars,2083,"[1, 2, 4, 5, 7, 8]",1
2066,pars,2084,"[1, 2, 4, 5, 7, 8]",1
2067,pars,2085,"[1, 2, 4, 5, 7, 8]",1
2068,pars,2086,"[1, 2, 4, 5, 7, 8]",1
2069,pars,2087,"[1, 2, 4, 5, 7, 8]",1
2070,pars,2088,"[1, 2, 4, 5, 7, 8]",1
2071,pars,2089,"[1, 2, 4, 5, 7, 8]",1
2072,pars,2090,"[1, 2, 4, 5, 7, 8]",1
2073,pars,2091,"[1, 2, 4, 5, 7, 8]",1
2074,pars,2092,"[1, 2, 4, 5, 7, 8]",1
2075,pars,2093,"[1, 2, 4, 5, 7, 8]",1
2076,pars,2094,"[1, 2, 4, 5, 7, 8]",1
2077,pars,2095,"[1, 2, 4, 5, 7, 8]",1
2078,pars,2096,"[1, 2, 4, 5, 7, 8]",1
2079,pars,2097,"[1, 2, 4, 5, 7, 8]",1
2080,pars,2098,"[1, 2, 4, 5, 7, 8]",1
2081,pars,2099,"[1, 2, 4, 5, 7, 8]",1
2082,pars,2100,"[1, 2, 4, 5, 7, 8]",1
2083,pars,2101,"[1, 2, 4, 5, 7, 8]",1
2084,pars,2102,"[1, 2, 4, 5, 7, 8]",1
2085,pars,2103,"[1, 2, 4, 5, 7, 8]",1
2086,pars,2104,"[1, 2, 4, 5, 7, 8]",1
2087,pars,2105,"[1, 2, 4, 5, 7, 8]",1
2088,pars,2106,"[1, 2, 4, 5, 7, 8]",1
2089,pars,2107,"[1, 2, 4, 5, 7, 8]",1
2090,pars,2108,"[1, 2, 4, 5, 7, 8]",1
2091,pars,2109,"[1, 2, 4, 5, 7, 8]",1
2092,pars,2110,"[1, 2, 4, 5, 7, 8]",1
2093,pars,2111,"[1, 2, 4, 5, 7, 8]",1
2094,pars,2112,"[1, 2, 4, 5, 7, 8]",1
2095,pars,2113,"[1, 2, 4, 5, 7, 8]",1
2096,pars,2114,"[1, 2, 4, 5, 7, 8]",1
2097,pars,2115,"[1, 2, 4, 5, 7, 8]",1
2098,pars,2116,"[1, 2, 4, 5, 7, 8]",1
2099,pars,2117,"[1, 2, 4, 5, 7, 8]",1
2100,pars,2118,"[1, 2, 4, 5, 7, 8]",1
2101,pars,2119,"[1, 2, 4, 5, 7, 8]",1
2102,pars,2120,"[1, 2, 4, 5, 7, 8]",1
2103,pars,2121,"[1, 2, 4, 5, 7, 8]",1
2104,pars,2122,"[1, 2, 4, 5, 7, 8]",1
2105,pars,2123,"[1, 2, 4, 5, 7, 8]",1
2106,pars,2124,"[1, 2, 4, 5, 7, 8]",1
2107,pars,2125,"[1, 2, 4, 5, 7, 8]",1
2108,pars,2126,"[1, 2, 4, 5, 7, 8]",1
2109,pars,2127,"[1, 2, 4, 5, 7, 8]",1
2110,pars,2128,"[1, 2, 4, 5, 7, 8]",1
2111,pars,2129,"[1, 2, 4, 5, 7, 8]",1
2112,pars,2130,"[1, 2, 4, 5, 7, 8]",1
2113,pars,2131,"[1, 2, 4, 5, 7, 8]",1
2114,pars,2132,"[1, 2, 4, 5, 7, 8]",1
2115,pars,2133,"[1, 2, 4, 5, 7, 8]",1
2116,pars,2134,"[1, 2, 4, 5, 7, 8]",1
2117,pars,2135,"[1, 2, 4, 5, 7, 8]",1
2118,pars,2136,"[1, 2, 4, 5, 7, 8]",1
2119,pars,2137,"[1, 2, 4, 5, 7, 8]",1
2120,pars,2138,"[1, 2, 4, 5, 7, 8]",1
2121,pars,2139,"[1, 2, 4, 5, 7, 8]",1
2122,pars,2140,"[1, 2, 4, 5, 7, 8]",1
2123,pars,2141,"[1, 2, 4, 5, 7, 8]",1
2124,pars,2142,"[1, 2, 4, 5, 7, 8]",1
2125,pars,2143,"[1, 2, 4, 5, 7, 8]",1
2126,pars,2144,"[1, 2, 4, 5, 7, 8]",1
2127,pars,2145,"[1, 2, 4, 5, 7, 8]",1
2128,pars,2146,"[1, 2, 4, 5, 7, 8]",1
2129,pars,2147,"[1, 2, 4, 5, 7, 8]",1
2130,pars,2148,"[1, 2, 4, 5, 7, 8]",1
2131,pars,2149,"[1, 2, 4, 5, 7, 8]",1
2132,pars,2150,"[1, 2, 4, 5, 7, 8]",1
2133,pars,2151,"[1, 2, 4, 5, 7, 8]",1
2134,pars,2152,"[1, 2, 4, 5, 7, 8]",1
2135,pars,2153,"[1, 2, 4, 5, 7, 8]",1
2136,pars,2154,"[1, 2, 4, 5, 7, 8]",1
2137,pars,2155,"[1, 2, 4, 5, 7, 8]",1
2138,pars,2156,"[1, 2, 4, 5, 7, 8]",1
2139,pars,2157,"[1, 2, 4, 5, 7, 8]",1
2140,pars,2158,"[1, 2, 4, 5, 7, 8]",1
2141,pars,2159,"[1, 2, 4, 5, 7, 8]",1
2142,pars,2160,"[1, 2, 4, 5, 7, 8]",1
2143,pars,2161,"[1, 2, 4, 5, 7, 8]",1
2144,pars,2162,"[1, 2, 4, 5, 7, 8]",1
2145,pars,2163,"[1, 2, 4, 5, 7, 8]",1
2146,pars,2164,"[1, 2, 4, 5, 7, 8]",1
2147,pars,2165,"[1, 2, 4, 5, 7, 8]",1
2148,pars,2166,"[1, 2, 4, 5, 7, 8]",1
2149,pars,2167,"[1, 2, 4, 5, 7, 8]",1
2150,pars,2168,"[1, 2, 4, 5, 7, 8]",1
2151,pars,2169,"[1, 2, 4, 5, 7, 8]",1
2152,pars,2170,"[1, 2, 4, 5, 7, 8]",1
2153,pars,2171,"[1, 2, 4, 5, 7, 8]",1
2154,pars,2172,"[1, 2, 4, 5, 7, 8]",1
2155,pars,2173,"[1, 2, 4, 5, 7, 8]",1
2156,pars,2174,"[1, 2, 4, 5, 7, 8]",1
2157,pars,2175,"[1, 2, 4, 5, 7, 8]",1
2158,pars,2176,"[1, 2, 4, 5, 7, 8]",1
2159,pars,2177,"[1, 2, 4, 5, 7, 8]",1
2160,pars,2178,"[1, 2, 4, 5, 7, 8]",1
2161,pars,2179,"[1, 2, 4, 5, 7, 8]",1
2162,pars,2180,"[1, 2, 4, 5, 7, 8]",1
2163,pars,2181,"[1, 2, 4, 5, 7, 8]",1
2164,pars,2182,"[1, 2, 4, 5, 7, 8]",1
2165,pars,2183,"[1, 2, 4, 5, 7, 8]",1
2166,pars,2184,"[1, 2, 4, 5, 7, 8]",1
2167,pars,2185,"[1, 2, 4, 5, 7, 8]",1
2168,pars,2186,"[1, 2, 4, 5, 7, 8]",1
2169,pars,2187,"[1, 2, 4, 5, 7, 8]",1
2170,pars,2188,"[1, 2, 4, 5, 7, 8]",1
2171,pars,2189,"[1, 2, 4, 5, 7, 8]",1
2172,pars,2190,"[1, 2, 4, 5, 7, 8]",1
2173,pars,2191,"[1, 2, 4, 5, 7, 8]",1
2174,pars,2192,"[1, 2, 4, 5, 7, 8]",1
2175,pars,2193,"[1, 2, 4, 5, 7, 8]",1
2176,pars,2194,"[1, 2, 4, 5, 7, 8]",1
2177,pars,2195,"[1, 2, 4, 5, 7, 8]",1
2178,pars,2196,"[1, 2, 4, 5, 7, 8]",1
2179,pars,2197,"[1, 2, 4, 5, 7, 8]",1
2180,pars,2198,"[1, 2, 4, 5, 7, 8]",1
2181,pars,2199,"[1, 2, 4, 5, 7, 8]",1
